Date,PMC12_IVVN12,PMC12_IVVNAMP12,PMC12_IVVR12,PMC12_IVVRAMP12,PMC12_IVVRSA12,PMC12_IVVRSAAMP12,PMC12_VNCOMB12,PMC12_VNCONST12,PMC12_VNELETR12,PMC12_VNFARM12,PMC12_VNINFO12,PMC12_VNJOR12,PMC12_VNOUT12,PMC12_VNSUP12,PMC12_VNSUPT12,PMC12_VNVEIC12,PMC12_VNVEST12,PMC12_VRCOMB12,PMC12_VRCOMBSA12,PMC12_VRCONST12,PMC12_VRCONSTSA12,PMC12_VRELETR12,PMC12_VRELETRSA12,PMC12_VRFARM12,PMC12_VRFARMSA12,PMC12_VRINFO12,PMC12_VRINFOSA12,PMC12_VRJOR12,PMC12_VRJORSA12,PMC12_VROUT12,PMC12_VROUTSA12,PMC12_VRSUP12,PMC12_VRSUPSA12,PMC12_VRSUPT12,PMC12_VRSUPTSA12,PMC12_VRVEIC12,PMC12_VRVEICSA12,PMC12_VRVEST12,PMC12_VRVESTSA12,PAN12_IVVRG12
2000-01-01,21.2,0,46,0,49.5,0,32.5,0,18.4,0,0,0,0,21.1,20.9,36.9,20.1,79.8,82.1,0,0,24.9,27,0,0,0,0,0,0,0,0,54.3,56.4,53.6,55.9,49.9,53.4,47.2,62.5,0
2000-02-01,21.4,0,46.5,0,50,0,31.2,0,17.9,0,0,0,0,20.9,20.8,43.9,21.8,78.1,81.6,0,0,24,27.1,0,0,0,0,0,0,0,0,53.9,56.9,53.1,56.2,58.4,55.6,51.7,64,0
2000-03-01,22.4,0,48.5,0,50.3,0,33.7,0,19,0,0,0,0,22.2,22.1,42.5,22.6,80.5,81.5,0,0,25.4,27.5,0,0,0,0,0,0,0,0,57.2,57.2,56.7,56.7,56.3,55.5,54.3,66.5,0
2000-04-01,22.4,0,48.5,0,50.3,0,33.3,0,18.2,0,0,0,0,22.5,22.6,40.3,25.1,80.1,81.5,0,0,24.3,27.8,0,0,0,0,0,0,0,0,58.3,57.1,57.7,56.7,52.9,56,59.6,68,0
2000-05-01,23.3,0,50.5,0,50.7,0,33.1,0,22,0,0,0,0,21.5,21.4,45.2,31.1,79.5,79.3,0,0,29.4,28.2,0,0,0,0,0,0,0,0,55.8,57.7,55.2,57.1,59.1,57.3,73.6,66.6,0
2000-06-01,22.2,0,48.1,0,50.5,0,32.6,0,19.5,0,0,0,0,21.5,21.5,41.5,29.4,79.3,79.1,0,0,25.7,28.7,0,0,0,0,0,0,0,0,55.8,58.9,55.3,58.2,54.1,56.9,68.9,68.6,0
2000-07-01,23.5,0,49.8,0,50.7,0,36.2,0,21.4,0,0,0,0,22.7,22.8,46,28.9,79.9,77.5,0,0,28.4,29.3,0,0,0,0,0,0,0,0,57.9,58.5,57.5,58.1,59.4,60.1,67.3,69.4,0
2000-08-01,23.9,0,49.7,0,50.3,0,37.8,0,22.4,0,0,0,0,22.9,22.8,49.9,27.3,76.2,73.5,0,0,29.3,29.7,0,0,0,0,0,0,0,0,57.1,58.3,56.7,57.8,63.9,60.4,63.1,65.8,0
2000-09-01,23.4,0,48.4,0,50.3,0,37,0,20.9,0,0,0,0,23.1,23.1,43.8,24.8,75.3,75.1,0,0,27.2,29.3,0,0,0,0,0,0,0,0,57.4,58.5,57.1,58.1,56.2,58.1,57.1,66,0
2000-10-01,23.9,0,49.4,0,49.7,0,38,0,22.1,0,0,0,0,22.9,22.8,47.8,26.2,77.5,75.4,0,0,28.7,29.3,0,0,0,0,0,0,0,0,56.8,57.6,56.3,57.3,61.3,59.2,59.7,64.9,0
2000-11-01,24.4,0,50.3,0,50.5,0,37,0,23.6,0,0,0,0,23,22.8,47.5,30.1,73.6,74.7,0,0,30.5,29.8,0,0,0,0,0,0,0,0,57.1,58.3,56.4,57.7,61,59.8,68.2,66.8,0
2000-12-01,33.8,0,69.3,0,50.6,0,41.5,0,36.2,0,0,0,0,30.2,30.3,46.3,56.7,77.6,75.1,0,0,46.5,29.7,0,0,0,0,0,0,0,0,75.6,59,75.4,58.6,59.5,60.2,127.5,66.3,0
2001-01-01,23,0,46.9,0,50.5,0,39.3,0,21.7,0,0,0,0,22.5,22.4,47.5,22.7,73.4,75.5,0,0,27.7,29.3,0,0,0,0,0,0,0,0,56.1,59.3,55.3,58.6,60.8,60.6,51,67.4,1.956521739
2001-02-01,21.7,0,44.2,0,50.3,0,36.7,0,18.7,0,0,0,0,21.8,21.8,41.7,22.6,68.5,76,0,0,23.8,29.3,0,0,0,0,0,0,0,0,54.3,59.2,53.9,58.9,53,59.9,51.2,68.7,-4.946236559
2001-03-01,24.5,0,49.7,0,50.1,0,40.4,0,22,0,0,0,0,24.3,24.3,53.6,25.7,75.7,74.6,0,0,28.1,29.1,0,0,0,0,0,0,0,0,60,59,59.6,58.6,67.6,60.8,58.2,67.1,2.474226804
2001-04-01,23.6,0,47.6,0,49.9,0,39.2,0,19.7,0,0,0,0,24.2,24.1,47.1,25.5,74.9,76.3,0,0,25.1,28.6,0,0,0,0,0,0,0,0,58.7,58.9,57.9,58.2,59.3,61.2,57.6,67.2,-1.855670103
2001-05-01,24.5,0,49.4,0,49.5,0,39.9,0,23.1,0,0,0,0,23.2,23.2,47.6,33.7,77.5,77.1,0,0,29.5,28.6,0,0,0,0,0,0,0,0,56,57.6,55.6,57,59.5,58.1,76.1,68.5,-2.178217822
2001-06-01,23.6,0,47.5,0,49.4,0,39.3,0,19.5,0,0,0,0,23.2,23.3,43.4,31,76.9,77.2,0,0,25,27.6,0,0,0,0,0,0,0,0,56.1,58.3,55.9,57.9,53.9,58.1,69.5,68.6,-1.247401247
2001-07-01,24,0,47.8,0,49.3,0,42.2,0,21.1,0,0,0,0,23.4,23.6,47,28.2,78.1,75.9,0,0,26.9,27.8,0,0,0,0,0,0,0,0,56.1,58,55.9,57.7,58.3,57.3,63.2,66.5,-4.016064257
2001-08-01,24.8,0,49.1,0,49.3,0,42.9,0,21.3,0,0,0,0,24.2,24.3,44.7,29.3,79.1,76.1,0,0,27.1,27.4,0,0,0,0,0,0,0,0,57.1,57.7,56.9,57.4,55.3,52.8,65.3,68,-1.207243461
2001-09-01,23.9,0,47.1,0,49.5,0,40.9,0,20.1,0,0,0,0,24.2,24.3,37.5,25.7,75.8,76.1,0,0,25.5,28.1,0,0,0,0,0,0,0,0,57.1,58.6,57,58.4,46.5,49.5,57,67.1,-2.685950413
2001-10-01,25.6,0,50,0,49.7,0,43.9,0,22.7,0,0,0,0,24.8,24.9,43.4,28.9,78.1,75.2,0,0,28.5,28.3,0,0,0,0,0,0,0,0,57.9,58.3,57.5,58.1,54.1,50.4,63.9,68,1.214574899
2001-11-01,25.4,0,49.1,0,49.2,0,42.2,0,22.9,0,0,0,0,24.7,24.8,40.8,31.5,75.2,75.9,0,0,28.4,27.6,0,0,0,0,0,0,0,0,56.9,57.9,56.8,58,50.9,49.5,69,67.6,-2.385685885
2001-12-01,35,0,67.4,0,49.6,0,43.3,0,36.1,0,0,0,0,32.2,32.5,38.9,59.6,77.5,74.7,0,0,44.5,28.6,0,0,0,0,0,0,0,0,73.8,58.2,74,58.2,48,48.1,128.8,66.9,-2.741702742
2002-01-01,24.1,0,46.4,0,49.7,0,39.3,0,23.1,0,0,0,0,24.4,24.5,39.7,23.8,76.9,78.9,0,0,27.9,29.8,0,0,0,0,0,0,0,0,55.5,58.3,55.3,58.2,48.7,48.7,51.2,67.1,-1.066098081
2002-02-01,22.5,0,43.5,0,49.7,0,35.4,0,19.5,0,0,0,0,23.2,23.4,33.9,22.8,72.7,81.2,0,0,23.6,29.1,0,0,0,0,0,0,0,0,52.9,57.7,52.9,57.8,41.5,46.9,49.3,66.4,-1.583710407
2002-03-01,26.1,0,49.9,0,49.8,0,40.4,0,22.4,0,0,0,0,27.4,27.6,39.8,25.8,79.9,80.1,0,0,27,29.5,0,0,0,0,0,0,0,0,62,58.3,62,58.2,48.6,47.9,55.8,66,0.402414487
2002-04-01,24.6,0,46.6,0,49.8,0,42.3,0,22.5,0,0,0,0,24.2,24.4,42.9,26.6,78.4,79.7,0,0,27.2,29.4,0,0,0,0,0,0,0,0,55,58.1,54.8,58.2,52.1,49.4,56.8,65.1,-2.100840336
2002-05-01,26.4,0,50,0,49.8,0,42.7,0,24.9,0,0,0,0,25.4,25.7,37.8,33.6,79.1,78.6,0,0,30,28.9,0,0,0,0,0,0,0,0,57.9,58.9,57.9,58.7,45.8,45.8,71.1,64.2,1.214574899
2002-06-01,24.6,0,46.6,0,48.9,0,40.7,0,21.3,0,0,0,0,24.2,24.5,33.4,30.8,75.3,76.2,0,0,25.5,28.4,0,0,0,0,0,0,0,0,55,57.7,55.1,57.7,40.6,44.5,64.5,64.9,-1.894736842
2002-07-01,25.9,0,48.6,0,49.5,0,45.9,0,22.4,0,0,0,0,25,25.3,38.1,32.3,83.8,80.8,0,0,26.8,27.1,0,0,0,0,0,0,0,0,56.1,57.6,56.2,57.7,46.6,44.8,66.8,69,1.673640167
2002-08-01,27,0,50.2,0,49.9,0,47,0,23.1,0,0,0,0,26.4,26.7,38.6,32.2,87.5,83.8,0,0,27.5,27.9,0,0,0,0,0,0,0,0,58,57.7,58.3,57.9,47.2,46.3,66.8,68.5,2.240325866
2002-09-01,25.3,0,46.4,0,49.4,0,45.6,0,21.7,0,0,0,0,24.9,25.1,38.5,27.7,84.1,84.3,0,0,25.2,27.6,0,0,0,0,0,0,0,0,53.7,56.5,53.7,56.4,47,48.2,57.3,68.5,-1.486199575
2002-10-01,28,0,50.3,0,49.8,0,47.8,0,25.1,0,0,0,0,27.4,27.7,39.8,31.5,85.3,81.7,0,0,28.4,28.4,0,0,0,0,0,0,0,0,57.5,57.4,57.6,57.7,48.7,45.5,64.3,68,0.6
2002-11-01,28.7,0,49.1,0,48.7,0,49.9,0,25.3,0,0,0,0,28.3,28.5,36.2,34.3,78.5,79.1,0,0,27.9,27.1,0,0,0,0,0,0,0,0,56.3,56.2,56.4,56.5,43.4,42.8,69.3,67,0
2002-12-01,38.2,0,63.9,0,47.8,0,52.7,0,37.6,0,0,0,0,35.2,35.8,36.5,63.7,81.3,78.4,0,0,40.8,26.4,0,0,0,0,0,0,0,0,67.7,54.7,68.3,55,43.3,41.4,127.4,67.1,-5.192878338
2003-01-01,27.5,29.8,44.3,44.3,47.1,45.6,51.3,31.2,23.5,21.5,35.2,53.3,13.3,27.9,28.3,36.3,25.7,73.4,75,63.4,63.7,24.9,26.4,36.8,37.9,12.8,13.4,91.2,65.6,23.6,26.2,52.5,54.7,52.9,55.3,42.3,42.4,50.6,65.6,-4.525862069
2003-02-01,27,29.2,42.8,42.7,47.9,46.8,50,30.3,22.1,20.2,32.7,52.3,12.7,27.2,27.6,37.1,26.4,68.1,74.6,60.5,64.4,23,27,34.6,37.6,11.8,13.5,87.9,65.8,22.3,26.4,50.5,55,50.8,55.5,43.3,43.7,52.1,67.5,-1.609195402
2003-03-01,28.5,29.7,44.2,42.8,46.6,45.8,53.9,29.7,22.1,21.3,31.4,39.2,12.7,29.6,30,34.1,27,73.4,75.2,58.6,62.7,22.7,25.6,34.7,35.3,11.3,12.1,65.2,63.6,21.9,26.2,53.8,54.1,54.1,54.3,39.4,42.1,52.9,66.2,-11.42284569
2003-04-01,29.1,30.6,44.9,43.7,46.6,45.6,53.2,30,22.3,22.5,31,33.9,15.3,30.3,30.7,35.7,29.2,73.3,75.3,58.3,62,22.8,25.5,35.8,36.9,11.2,12.5,55.8,63.1,25.9,26.8,54.5,54.2,54.6,54.4,41,41.8,56.8,64.9,-3.64806867
2003-05-01,30.3,31.9,46.9,45.6,46.3,45.2,54.4,31.8,26.2,24.1,32.9,34.8,16,30.3,30.7,35.3,33,77.4,76.7,61.1,60.9,26.8,25.6,38.1,36.7,11.9,12.3,57,62.2,26.8,26.7,54,54.3,54.4,54.5,40.3,40.6,63,55.4,-6.2
2003-06-01,28.2,30,44,43,46.6,45.7,48.9,29.6,23.8,22.9,33.2,33.3,14.7,28.1,28.5,34.1,32.7,74.4,75.5,56.5,59.8,24.3,26.6,36.4,37,12.3,12.3,54.2,63.4,24.5,27.3,50.3,53.9,50.4,53.9,38.8,41.7,61.5,64.1,-5.579399142
2003-07-01,29.6,32.1,46.5,46.2,47.1,46.2,51.8,32.7,25.9,24.3,32.9,35.5,15.7,29.5,29.8,36.5,33.4,82.2,78.9,61.8,58.5,26.5,27,38.6,37.8,12.5,12.8,57.7,64.9,26.3,28,53,54.1,53.2,54.3,41.5,40.5,62.5,64.3,-4.320987654
2003-08-01,30.1,32,47.3,46.2,47.5,46.4,50.8,32,26.4,23.8,36.2,36.6,16.4,30.4,30.7,34.6,33.5,80,77.7,60.5,59.6,27.2,28,37.8,37.6,14.1,14.7,59.2,63.2,27.6,28.8,54.7,54.5,55.1,54.8,39.5,39.8,62.3,65.5,-5.77689243
2003-09-01,28.9,32.2,45.1,46.3,47.8,47.4,50.3,32.6,26.4,24,37.3,33.7,15.6,28.9,29.2,39.2,30,77.5,77,61.5,60.1,27,29,37.9,38.8,14.7,14.5,54.2,63.6,25.8,29.2,51.7,54.5,51.9,54.7,45.1,44,55.4,64.7,-2.801724138
2003-10-01,31.3,34.3,48.8,49.3,48.1,48,52.4,35.1,29.5,25.5,40.7,34.1,18.3,30.8,31.2,40.9,34.6,81.6,77.9,65.7,60.8,30.1,29.8,39.9,39.3,16.7,17.2,54.7,63.7,30.2,29.6,55.1,54.5,55.3,54.8,46.9,44,63.1,66.8,-2.982107356
2003-11-01,31.5,34,49,48.8,49.2,48.7,50.4,33.5,29.8,24.4,45.5,34.8,18.7,30.8,31.2,39.8,37.3,79.1,80.1,62.5,60.6,30.5,30.5,38.4,39.6,18.3,18.1,55.4,68.3,30.9,30.4,55,55.1,55.1,55.4,46,46.6,67.3,66.4,-0.203665988
2003-12-01,42.4,43.3,66,61.8,48.9,48.8,51.9,33.9,47.9,28.6,55.8,49,31.8,38.8,39.4,43.1,71.6,81,77.3,62.8,60.9,49.3,31.5,44.7,39.3,22.9,16,77.1,61.5,52.3,30.3,68.9,55.4,69.5,55.8,49.7,45.3,128.3,65.9,3.286384977
2004-01-01,30.4,33.4,47,47.2,49.4,48.6,49.9,32.1,28.9,24.8,36.7,56,16.6,30.6,31,41,28.7,77.1,78.1,59.1,59.7,29.6,31.4,38.7,39.9,15.3,16.6,86.4,62.7,27.2,30.2,54.2,55.7,54.5,56.2,45.8,47.1,51.6,65,6.094808126
2004-02-01,29.1,31.7,45,44.8,50.3,50.8,46.7,29.5,26.3,23.6,30.1,51.5,16.2,29.9,30.3,38.9,27.2,72.1,78.7,53.9,61.8,26.8,32.5,36.8,40.4,12.6,15.2,78.7,61.3,26.6,31.9,53,56.2,53.3,56.7,43,49.1,49.1,66.1,5.140186916
2004-03-01,31.6,36.3,49.1,50.9,50.8,50.6,51.2,36.2,30.6,27.4,40.9,46.6,17.3,31.6,32,48.3,31.5,81.9,82.1,65.5,62.9,31,32.7,42.5,41.2,17.1,16.4,70.7,63.7,28.4,31.7,55.8,56.9,56.1,57.1,52.2,46.9,56.6,68.3,11.08597285
2004-04-01,31.9,35,49.5,49,51.1,51.3,49,33.1,30,26,33.3,37.1,18.1,32.8,33.3,43.3,31.9,79.9,81.8,59.4,63.3,30.3,33.8,39.3,40.4,13.9,15.3,56.2,62.6,29.4,30.7,58.1,57.4,58.5,57.7,46.3,48.2,56.7,64.5,10.24498886
2004-05-01,33.7,37.1,51.9,51.4,51.8,51.9,49.7,34.8,35.8,28.2,36,38.6,20,32.1,32.6,46.2,44.3,80.5,81,61.7,63.3,36.1,34.8,41.6,40.8,15,15.8,58.1,63.8,32.4,32.9,56.7,57.8,57.1,58,48.7,50.3,77.5,69.7,10.66098081
2004-06-01,32.7,36.8,49.7,50.3,52,52.2,51.7,35.2,32.9,27.8,41.9,37.1,18.7,31.3,31.7,48.1,40.5,80.2,81.5,61.8,63.6,33.1,35.3,40.9,40.9,17.1,16.5,55.5,64.5,30,33.1,54.7,58.1,55.1,58.5,50.1,51.6,70.2,72,12.95454545
2004-07-01,34.5,38.6,52.1,52.3,52.1,52.3,56,38.2,35.1,28.3,37.2,36.9,19.5,33.7,34.2,49.1,39.2,84.9,81.2,66.3,63.1,35.1,35.5,41.5,40.7,15.2,15.5,55,62.2,31,33,58.5,58.5,59,58.9,50.7,51.4,67.5,68.2,12.04301075
2004-08-01,33.8,38.6,50.5,51.8,51.7,51.9,55.7,38.4,35,27.6,35.7,39.5,19.8,33,33.6,51,35.9,81.3,79.1,65.5,62.7,34.9,35.9,40.4,40,14.7,15.1,58.3,62,31.2,32.8,56.9,58.5,57.4,58.9,52.2,50.3,61.7,66.4,6.765327696
2004-09-01,33,38,49.2,50.8,51.8,52.4,55,37.6,32.7,26.7,39.2,35.3,18.7,32.6,33.2,51.5,34,80.7,79.7,63.4,61.8,32.5,35.2,39.2,40,16.3,16,52,61.4,29.3,33.1,56.4,58.5,56.9,59.1,52.1,51.5,57.7,66.6,9.090909091
2004-10-01,35.5,39.9,52.9,52.9,52.4,52.3,57.5,37.9,36.3,27.3,33.2,35.9,21.6,35.2,35.8,51.6,37.1,82.6,79.7,63.1,61.2,35.9,36.3,40,40.1,13.8,15.2,52.6,62.5,33.6,33.1,61,59.7,61.5,60.2,51.5,50.9,62.2,66.3,8.401639344
2004-11-01,35.2,40.5,52,53.3,52.6,52,57.2,40.2,37.7,26.6,39,35.4,22,33.8,34.2,54.4,40.6,79.1,79.1,65.9,60.5,37.1,36.4,39,39.5,16.2,15.5,51.7,62.7,34,33.4,58.5,60.1,58.9,60.7,53.9,50.3,67.4,66.5,6.12244898
2004-12-01,50.4,52.2,73.5,68.4,53.9,54.3,63.2,40.3,62.4,31.7,49.1,59.1,39.3,44.9,45.6,59.7,82.4,83.5,79.1,65.4,64.1,61,39.7,46.4,40.8,20.6,14.2,85.5,67.5,60.2,34.3,77.4,61.4,78.2,61.9,58.9,53.9,134.6,68.6,11.36363636
2005-01-01,34.4,39.2,49.9,50.7,52.9,53.3,57.5,37.2,36.5,26.6,31.2,55.8,19.9,33.6,34.1,52.3,32.9,76.3,77.9,59.8,61.8,35.5,37.9,38.8,40.8,13,14.7,79.9,59.2,30.4,34.3,57.6,59.9,58.1,60.7,51,54.4,53.6,68.1,6.170212766
2005-02-01,31.6,34.8,45.9,45.2,52.7,52.5,50.4,32.2,32.5,25.3,39.9,61.5,18.4,31.3,31.1,43.6,30,67.7,75.7,51.5,60.4,31.3,38.6,37.1,41.7,16.5,20.1,87.2,69.9,27.9,34.9,53.5,58.6,52.8,58,42.6,49.7,49.1,67.9,2
2005-03-01,36.5,41,52.9,53,53.3,52.8,56.5,37,37.9,29.6,56.5,49.7,23.5,35.9,36.2,53.9,35,74.8,74.7,58.8,60.4,36.5,40,43.3,42.8,23.4,22.8,70.5,64.1,35.6,37.4,61.3,58.9,61.3,58.7,52.5,50.6,56.9,69.1,7.739307536
2005-04-01,35.6,39.6,51.1,50.6,53.5,52.7,54.8,36.5,39.3,29.1,56.4,41.5,21.9,33.9,34.2,50.3,40.4,72.1,74.5,57.5,60.1,37.6,40.4,41.4,42,23.4,25.7,58.8,64.8,32.9,36.4,57.4,58.6,57.3,58.5,48.6,49.7,65.1,72.7,3.232323232
2005-05-01,37.4,40.9,53.3,52.2,53.8,53.2,55.9,36.8,44.9,31.1,54.5,41.1,23.7,34.2,34.4,51.4,45.9,74.9,76.1,57.3,58.8,42.8,41.5,43.4,42.8,22.9,23.9,58.1,63.8,35.2,36,57.4,59.5,57.3,59.1,49.6,51.4,72.8,68.1,2.697495183
2005-06-01,36.3,40.6,52.3,51.9,54.5,53.3,54.1,37.4,42.4,31.2,61.2,37.8,23.1,33.4,33.6,52.5,45,75.1,75.8,58.4,58.4,40.1,42,43.5,43.3,26,24.6,53,61.5,34.4,37.2,56.6,60.1,56.4,59.9,50.3,50,71.1,71,5.23138833
2005-07-01,37.7,41.1,54.4,52.7,55.1,53.3,56,37.9,43.3,31,56.4,38.9,23.7,35.4,35.6,50.5,45.7,76.3,74.3,59,57.7,40.9,42.1,43.3,43.1,24.4,25.4,54.3,62.5,35.3,38,60.5,60.8,60.3,60.5,48.3,50.4,72.3,74.7,4.414587332
2005-08-01,37.4,42.7,54,54.7,54.8,53.7,56.4,40.1,43.2,32.4,55.8,44.6,24.5,34.6,34.7,57.4,43.1,76.3,73.7,61.9,57,40.8,41.1,45.2,44,24.5,24.3,62.1,64.5,36.3,38,59.6,60.9,59.4,60.6,55,50.8,68.2,72.1,6.930693069
2005-09-01,36,40.5,51.9,51.8,54.5,53.1,56.6,37.4,38.5,30.6,56,40.2,23.1,33.9,34.1,53.2,40.6,74.7,73.5,57.6,55.4,36.5,39.1,42.6,43.3,25,24.6,55.8,64.3,34.2,38,58.6,60.6,58.4,60.5,50.9,49.9,64.3,73.9,5.487804878
2005-10-01,38.3,42.3,54.9,53.8,54.9,53.6,59.8,38.4,42.1,31.4,51.6,38.1,26.5,36,36.2,53.8,43.3,75.2,72.5,58.9,56.3,40.1,40.9,43.6,43.6,23.2,25.7,53.2,64.5,39.1,38.9,61.8,61.1,61.7,61,51.2,50.3,68,73.1,3.780718336
2005-11-01,38.4,43.6,54.6,55.2,55.1,53.9,58.5,41.1,44.3,31.4,55.7,38.2,27,35,35.3,58.1,47,72.3,72.4,63,57.8,42.5,41.8,43.4,44,25.8,25.4,53.2,65.5,39.5,39,59.9,61,59.8,61.1,55.4,52,73.2,71.9,5
2005-12-01,54.5,55.6,77.2,70.7,56.2,56.4,62.8,40.4,69.6,36.3,86.8,60.7,48.1,46.2,46.6,61.9,95.2,77.4,73,61.8,62,66.8,44.4,50.2,44.2,40.8,28.3,83.4,66,70,40.3,78.8,61.8,78.8,61.6,59.3,55.3,145.5,73.1,5.034013605
2006-01-01,37.6,41.9,53.2,52.7,56.8,55.2,58.2,38.4,41.9,30.6,58.8,63.6,26.5,35.3,35.7,53.9,37.8,69.7,71.1,58.5,59.9,39.9,41.8,42.2,44.3,27.7,31.6,85.9,63.2,38.2,42.1,60.4,64.2,60.3,64.4,51,53.1,58.1,74,6.613226453
2006-02-01,34.4,37.2,48.8,46.9,56.1,54.6,53.4,33.1,35.8,28.3,50.4,59.8,21.9,33.5,33.4,45.5,33.6,63.1,70.1,50.2,59.6,34.3,42.1,39,43.9,24,29.4,80.3,64.7,31.4,39.7,57.4,62.8,56.8,62.5,42.9,50.6,52.1,72.7,6.318082789
2006-03-01,38.5,43.8,54.4,55.1,55.9,54.9,60,39.6,42.2,32.7,63.8,53,25.9,36.8,36.7,58.8,37.2,67.8,67.6,59.9,59.7,40.4,42.4,45,43.8,30.5,29.2,70.6,63.2,36.8,40.8,63.4,63.5,62.5,62.5,55.7,51.7,57.5,70.2,2.835538752
2006-04-01,38.8,41.2,54.9,52,56.7,55.4,56.8,34.4,39.9,31.3,56.2,45.9,27.6,38,38.3,48.6,41.3,64.2,67.1,52,59.9,38.7,44.1,42.2,44.2,27.2,30.9,61.2,68.9,39.3,41.6,65.5,63.9,65.7,63.9,46.1,51.6,63,71.6,7.436399217
2006-05-01,40.4,45.2,57.3,56.8,56.9,55.9,57.5,39.5,50.6,34.3,67,45.8,29.7,35.6,35.9,59.1,52.6,66.1,66.6,59.6,58.4,49.3,45.9,45.7,44.2,33.1,32.6,61.5,65.1,42.1,41.8,61.6,63.9,61.7,63.8,55.8,53.5,79.6,71.8,7.504690432
2006-06-01,38,41.7,54.3,52.8,56.8,54.8,55.2,40.4,42.1,33.3,64.9,40.6,27.2,35.2,35.5,51,46.1,65.6,66.3,60.9,61.2,41.4,44.1,44.1,44.2,32.2,31,54.4,63.5,38.6,42.2,61.4,64.7,61.5,64.6,48.3,49.6,69.2,70.1,3.824091778
2006-07-01,39,44.3,55.6,56.1,56.9,57.1,58.2,43.7,42.3,33.8,61.8,41.5,27.5,36.5,36.8,58.4,45.5,68.6,67,65.6,63.2,41.6,43.2,44.7,44.4,31,31.7,55.6,64.9,39.4,43.2,63.5,64.5,63.5,64.5,55.9,57.9,68.7,71.2,2.205882353
2006-08-01,40.2,46.4,57.4,59,58.1,57.8,60.3,46.4,45.7,34.9,61,46.5,29.8,36.7,37.1,62.7,45.8,71.5,68.8,69.4,63.1,45.2,45.9,46.2,44.8,31,31,62.1,64.9,43.2,44.6,64,64.9,64.2,65,60.6,55.7,69.1,72.7,6.296296296
2006-09-01,39.8,44.7,57.1,57.1,59.2,58.3,58.8,43.8,44.4,33.7,61.8,43.3,29.3,37.3,37.7,57.5,44,69.7,68.8,65.4,63.1,44,46.7,44.6,45.3,31.4,31.2,58,66.2,43.3,48,64.9,65.9,65,66.2,55.9,56.1,66,74.5,10.01926782
2006-10-01,41,46.8,58.7,59.6,59.5,58.9,59.6,45.4,47.5,34.4,54.8,40.7,31.7,38,38.4,62.1,44.9,70.9,68.8,67.7,63,47.4,48.2,45.6,45.5,28.2,31.3,54.3,66.1,47.7,46.8,65.6,66.4,65.8,66.6,60.4,57.1,66.9,73.4,6.921675774
2006-11-01,41.8,47.9,59.5,60.8,59.9,60,58.7,46.8,48.8,33.8,60.1,39,32.3,38.2,38.6,63.9,52.8,70.1,69.5,69.5,63.1,48.6,48.1,44.9,45.4,31.4,31.7,51.9,65.1,48,47.5,65.4,66.3,65.6,66.6,62.2,59.3,78.3,76.7,8.974358974
2006-12-01,57.5,58.7,81.6,74.8,60.2,60.9,61.6,40.9,70.9,38.6,90.3,62.1,54.3,49.3,50,65.9,101.6,73.9,70.9,60.3,63.9,70.8,48.7,51,45.7,47.9,33.8,82,65.7,81.1,47.9,84.1,66.3,84.5,66.4,64.1,62,148.3,76.6,5.699481865
2007-01-01,40.7,45.9,57.7,58.1,60.6,60,59.5,42.8,49.6,33.5,58.8,69.1,29.9,37.4,37.8,60.2,41.9,71.5,72.3,63.1,63.9,49.5,49.5,44.2,45.8,31.3,34.9,91.7,65.9,44.5,48.5,63.3,66.8,63.4,67.2,58.3,59.6,61.9,76.3,8.458646617
2007-02-01,37.5,41.4,53.2,52.5,61,61.1,54.8,36.2,40.7,31,53.8,61.8,25.8,36.6,36.9,53,36.3,66.4,73.2,53,63.7,40.9,49.7,40.9,46.1,29.4,36,81.4,66,38.5,48.7,61.4,67.2,61.6,67.7,51.4,61,53.9,75.5,9.016393443
2007-03-01,43,49.3,60.7,62.2,61.6,61.7,60.2,42.7,47.4,36,68.2,57.3,31.3,41.7,42.1,68.1,42.9,72.5,71.7,62.5,64.1,47.6,49.9,47.6,46.4,38.2,37.3,76,68,46.7,49.7,69.4,68,69.7,68.2,65.9,62.6,63.3,75.9,11.58088235
2007-04-01,42,47.4,59.2,59.8,62.1,63.8,57.5,39.5,43.5,34.6,63.7,50.8,32.7,40.9,41.5,63.8,44.6,68.6,71.7,57.7,66.2,43.7,49.7,45.6,47.6,35.7,39.3,67.4,74.9,48.5,53.9,68.2,68.6,68.6,68.8,61.8,67.3,65.6,75.8,7.832422587
2007-05-01,45.1,51.4,63.3,64.7,62.7,63.7,58.7,47.7,54.1,37.4,68,48.1,36.4,40.1,40.6,69.4,63.3,69.9,70.3,69.7,67.7,54.4,51.3,48.9,47.4,39.2,38.8,63.4,68.1,54.1,52.6,66.7,68.7,67,68.8,67.2,64.7,92.4,83.6,10.47120419
2007-06-01,43.2,49.3,60.6,61.9,62.8,63.9,57.5,46.5,47.4,37.3,68.1,46,32.5,40.4,40.9,66.2,55.6,69.5,70.7,67.8,68.6,48,51.3,48.9,49.4,39.4,38.5,60.3,70.5,48,52.8,66.5,68.8,66.7,68.9,64,67.3,80.5,79.5,11.60220994
2007-07-01,43.6,51,60.8,63.7,63.2,64.4,59,49,48.3,37.3,70.3,46.6,33,41.1,41.5,70.9,52,71.9,70.9,71.3,67.6,49.2,51.5,49.2,48.8,41.5,41.9,61,70.5,48.8,53,66.5,69.3,66.7,69.5,68.6,68.2,75.8,80,9.352517986
2007-08-01,45.7,54.6,63.3,67.9,63.7,66.3,60.5,52.8,52,39,69.6,53,36.5,42.5,43,79.1,53.6,74.4,71.4,76.5,69,52.9,53.2,51.3,49.5,42.1,41.9,69.4,71.6,53.7,54.7,68,68.3,68.2,68.5,76.4,70.2,78,81.7,10.27874564
2007-09-01,44.6,51.4,61.8,63.9,64.6,66.5,58.2,49.5,48.7,37.1,66.7,46.3,34.2,43.2,43.7,70,48.8,72.3,72,71.3,69.8,49.6,53.6,48.8,50.3,41,41.9,60.7,70.9,50.4,56,69,70.5,69.3,70.9,67.3,69.7,70.6,81.1,8.23117338
2007-10-01,46.5,56,64.3,69.4,64.5,67.6,60.8,55.3,52.9,39,65.2,44.3,39.8,43.5,43.9,81.7,53.6,75.1,72.5,79.1,70.8,53.9,53.7,51.1,50.1,39,41.9,58,70.4,58.4,57.2,69.3,69.7,69.4,69.8,78.5,71.6,77.1,83,9.540034072
2007-11-01,47.6,56.2,65.7,69.5,66,68.2,60.8,55.9,54.7,37.8,69.4,43.2,40.8,43.9,44.3,79.1,61.3,74.6,73.9,79.5,71.6,56.2,55.1,49.2,49.7,43.2,44.5,56.6,70,59.7,58.5,69.6,70.6,69.8,70.8,75.9,72.6,87.9,86.3,10.42016807
2007-12-01,65.3,67.1,89.3,82.8,66.6,68.3,63.3,47.2,76.5,43.4,107.2,66.9,67.1,57.2,57.9,76.3,114.7,76.3,73.2,66.6,71.6,79.1,55.6,57.2,51.3,66.6,46.2,87.3,71,97.7,60.1,89.3,71.3,89.8,71.5,72.9,70.7,162.7,84.9,9.43627451
2008-01-01,47.4,54.4,64.5,66.4,67.2,68.9,61,49.4,55.5,39,62.4,75.8,40,44.6,45,74.3,49.9,73.7,74.3,69.2,71.4,57.4,56.5,51.4,53.3,39,44,99.1,70.4,57.7,61.7,68.7,72,68.9,72.3,70.4,73.3,71.4,87,11.78509532
2008-02-01,44,51,60,62.2,66.1,69.2,58,45.2,48,35.6,63.6,73.5,33.9,43.4,43.8,70.9,42.2,71.3,75.5,63,73.2,49.9,57.4,46.7,50.8,41.2,48.5,96,74.5,49.1,58.9,66.5,70,66.7,70.6,67.1,76.3,60.6,82,12.78195489
2008-03-01,49.8,57.3,67.5,69.7,67.7,70.3,62.7,47.5,51.8,40,72.9,63.8,41.7,49.4,49.9,80,49.7,76.3,75.9,65.9,73.7,54.4,59.6,52.3,52.6,47.6,48.2,82.6,75.2,59.6,62.4,75.3,71.3,75.5,71.4,75.6,77.3,70.9,86.3,11.20263591
2008-04-01,47.8,57.2,64.3,69.2,68.4,72.2,60.8,50.1,53.1,40.6,69.7,57.5,37.3,45.6,45.8,84.4,56.1,74.4,77.5,68.9,74.1,55.9,60.7,52.6,53.3,45.2,47.5,74.4,82,53.4,61.3,68.6,71.6,68.6,71.6,80,79.7,78.6,89,8.614864865
2008-05-01,52.9,60.2,70.3,72.3,69,72.4,64.8,54,60.1,43.2,77.1,54.6,44.9,49,49.4,81.3,69.3,78.9,79.2,74.1,73.5,63.2,61,55.3,54.1,51,51.9,70.5,77.1,63.4,62.6,72.3,72.3,72.4,72.1,76.7,79.3,95.9,87.7,11.05845182
2008-06-01,49.8,59.4,65.5,70.6,69.3,73.2,64.2,55.2,52.9,41.8,81.6,52.6,40.7,46.8,47.1,86.2,64.5,78.1,80.1,74.5,74.4,55.8,60.4,53.3,54.4,55,54,67.8,79.7,57.4,61.9,67.5,72.5,67.5,72.5,81.1,82.1,88.9,88.5,8.085808581
2008-07-01,51.8,62.6,67.7,74,69.6,73.9,68.5,63.9,55.9,44.5,80.7,51.9,42.5,49,49.3,91.1,59.6,82.9,81.2,85.1,78.2,58.9,61.2,56.4,54.9,54.4,53.6,67.2,77.5,59.6,63.5,70.1,72.2,70.1,72.2,85.6,82.8,82.2,84.4,11.34868421
2008-08-01,53.2,61.5,69.6,72.6,70.1,71.8,68.8,60.7,56.8,43.9,82.5,56.6,44.6,51.2,51.5,83.4,59.4,83.1,80.6,79.1,74.1,59.9,61.4,55.8,54.8,56.3,59,73.1,76.9,62,63.3,73.4,72.8,73.4,72.8,78.2,75.8,81.4,85.5,9.952606635
2008-09-01,51.5,62.6,67.6,74,71,75.1,68.3,63.7,57.1,45,89.9,53.1,42.2,48.5,48.8,92,56.6,81.7,80.9,81.4,75.2,60.1,63,57.1,57.7,61.8,59.9,68.5,78.3,58.5,64,69.9,73.3,69.9,73.4,86.6,83.2,77.2,88.7,9.385113269
2008-10-01,54.1,61,70.7,71.8,70.3,70.2,69.4,65.2,59.3,45.9,80,49.1,47.3,51.9,52.2,77.5,57.4,83.3,79.9,82,73.3,62.4,62.1,58.2,56.9,55.8,60.1,63.5,77.2,65.5,63,74.3,73.6,74.3,73.6,72.8,67.4,77.3,82.5,9.953343701
2008-11-01,53.3,56.9,69,66.6,69.6,66.7,65.4,59.9,56.2,44.3,75,48.7,46.5,51.8,52.1,64.1,59.7,78.5,78.7,74.7,70.7,58.8,58.8,56.1,57.7,51.8,56.2,62.6,78.7,63.5,63.8,73.8,74,73.8,74,60.5,61.6,80.2,79.4,5.02283105
2008-12-01,71.5,70.8,92.7,83.8,69.6,67.9,67.5,52,79,51.6,127.7,78.2,73.7,65,65.6,72.3,115.5,81.1,77.8,64.2,67.2,82.7,57.7,65.5,58,90.4,59.3,100,79.4,100.7,63.1,92.4,75.2,92.6,75.2,69.5,63.3,152.1,80.1,3.807390817
2009-01-01,53.1,57.7,68.3,68.3,69.9,70.9,64,49.3,58.4,44.5,65.5,96.3,45.2,52,52.2,71.5,51,76.5,76.9,60.5,64,60.9,58.2,56,58.1,45,51.5,122.7,84.3,60.6,64.5,73.5,75.2,73.5,75.2,70.2,75.9,68,81.1,5.891472868
2009-02-01,48.5,53.2,62.3,63.1,71.1,73,60.2,45,46.7,41.7,66.2,77.1,40.7,49.7,50,67.7,42.2,71.8,78.4,55,66.5,48.9,58.1,52.3,59.2,45.8,56.3,97.8,80.5,54.3,67.3,70.4,76.9,70.4,77.2,67,79.3,56.5,79.2,3.833333333
2009-03-01,53.4,62.3,68.3,74,70.8,73.8,66.5,51.9,52,48.3,81.5,72.9,47.3,53.2,53.5,88.8,49.2,79.8,79.2,63.1,65.8,53.9,56.9,60.4,59.6,56.1,55.3,91.2,83,62.4,67.5,75.1,76.4,75,76.3,88.6,82.4,65.1,79.7,1.185185185
2009-04-01,54.1,58.1,68.9,68.7,71.4,72.6,63.8,47.8,48.1,48.1,82.5,59.5,47,55.6,56,70.9,54.4,77,79.4,58,65.3,50.3,57,58.4,60.1,57.7,61.4,74.2,83.2,61.2,67.1,78.3,77.4,78.3,77.3,70.8,75.1,71,80.2,7.153965785
2009-05-01,56.9,62.7,72.3,74.3,71.8,74.1,65.7,56,56.2,50.8,77,60.7,54.2,55,55.4,79.6,66.4,80.4,81.8,67.9,68.2,59.3,57.6,61,60.2,53.6,55.6,75.5,82.6,70.4,69,77.1,77.9,77.1,77.9,80.2,82,85.6,78.7,2.844950213
2009-06-01,54.6,65.3,69.2,78,72.7,80.4,63.4,58.1,52.2,50.2,94.7,57.2,49.6,52.5,52.7,96.3,68.7,77.2,79.1,70.4,68.8,55.2,60,60,60.8,67.3,65.5,70.8,84.6,64,68.9,73,78.1,73,78,98,98.9,87.9,87,5.648854962
2009-07-01,56.7,63.1,71.7,74.7,73.2,74.6,66,61.5,55.9,53.9,85.3,61.2,50.2,55.4,55.7,80.4,62.5,79.6,77.9,74.4,68.5,59.2,61.1,64.4,62.6,59.7,59,75.4,86.3,64.3,67.6,77.1,78.6,77.1,78.7,81.4,79.3,80.4,82.1,5.908419498
2009-08-01,57.5,64.7,72.8,76.7,73.6,76.4,66,61.7,56.7,53.2,81.1,66.1,51.8,57.1,57.4,84.2,59.7,79.4,76.9,74.4,69.2,60.2,62.5,63.7,62.5,56.2,58.4,81.2,86.4,66.6,68.6,79.6,79.6,79.5,79.5,85.5,83,76.8,80.7,4.597701149
2009-09-01,55.7,67.7,71,80.9,74.3,81.7,65.4,62.2,57.3,51.8,87.2,61.6,48.7,54.9,55,101.5,56.4,78.7,78.2,74.8,69.9,61.3,64.3,61.8,62.4,63.5,61.5,75.5,87.5,62.1,67.6,76.7,79.6,76.5,79.6,103,99.4,72.1,82.6,5.029585799
2009-10-01,60.4,67.7,76.7,79.9,75.7,78.2,71.1,65.3,60.6,54.6,80.2,58.7,56.4,59.4,59.7,87.1,63.3,84.3,80.4,78.4,71.5,64.6,64.7,65.4,63.9,58.2,63.5,71.9,87.4,71.7,68.9,83.4,81.4,83.3,81.2,87.2,83.1,80.4,84.2,8.486562942
2009-11-01,59.1,65.8,74.9,77.4,76.4,77.7,68.8,65.3,62.8,52,83.8,55.6,54.3,57,57.2,82.9,66.4,80.9,81.2,78,72.9,66.9,65.9,62.4,64,61,64.7,68.2,83,68.1,68.6,79.8,81.8,79.6,81.6,83,82.2,84.1,85.5,8.550724638
2009-12-01,80.1,81.3,101.2,95.4,76.2,77.7,73,58.1,88.6,60.5,128.6,89.9,85.8,72.3,72.7,89.3,129.3,85.5,81.9,68.9,72.6,93.7,66.4,72.5,64.4,94,62.5,109.6,86.6,107.6,68.1,101.4,82.2,101.3,81.9,89.2,81.2,161.4,85.2,9.169363538
2010-01-01,59.8,64.4,75.4,75.3,77.6,79.2,69.7,56.1,67.8,51.5,81,107.3,52.1,58.2,58.5,78.1,55.2,80.1,81.9,66.3,72.7,71.8,68.4,61.8,65.1,59.5,69.8,131.4,88.4,64.3,68.6,81,83,80.8,82.7,77.5,86.7,69.5,84.5,10.39531479
2010-02-01,55.9,61.5,69.9,71.8,79.6,82.9,66.1,53.6,56.8,49.8,74.8,88.9,46.2,56.9,57.1,78.3,49.5,75.3,82.1,63.2,75.8,59.7,70.5,60,67.9,55.4,67.8,107.8,89.5,56.8,69.9,78.5,85.6,78.2,85.6,77.7,92,62.8,88.1,12.19903692
2010-03-01,63.6,77.1,79.1,90.5,79.4,88.6,72.7,64.5,65.3,57.7,103,82,55,63.8,64,117.5,59.8,85.1,83.6,75.8,75.8,67.6,69.4,69.5,67.5,76.1,71.7,98.5,90.5,67.4,70.2,86.7,84.8,86.4,84.6,117.5,105.4,75.3,89,15.81259151
2010-04-01,61.2,67.1,75.2,77,79.3,81.2,68.6,59.4,59.5,55.2,88.9,67.5,52.9,61.5,61.7,84.2,66.7,81,83.2,69.5,77.3,61.6,69.3,64.9,66.8,66.5,71.3,80.8,90.8,64.6,72,82.6,84.5,82.4,84.2,83,88,82.8,93.7,9.143686502
2010-05-01,65,71.2,79.8,81.4,79.9,81.8,72,69.9,68.6,58.7,90.4,69.5,59.7,62.2,62.4,87.3,78.2,85.2,86.5,81.6,81.2,71,69.9,68.3,67.4,69.1,71.2,82.8,92.3,72.5,73.1,83.5,85.4,83.2,85.2,85.4,86.8,95.8,88.8,10.37344398
2010-06-01,62.3,69.9,77.1,80.5,80.8,82.9,68.3,67.3,62.4,57.1,108.3,62.5,57.7,60.3,60.4,89.9,75.1,81.7,84.2,78.3,77.6,64.6,70.8,66.1,67.1,82.9,81.5,74.2,90.4,70.2,74.9,81.7,86.7,81.3,86.3,88.8,90.1,91.7,90.1,11.41618497
2010-07-01,64.5,72.8,79.7,84,80.6,83.9,71.6,73.8,64.7,60,94.1,67.8,59.3,62.8,62.9,94.3,74.1,85.8,83.8,85.5,79.6,66.4,68.8,69.6,67.6,71.1,72.4,80.9,93.8,72.1,75.4,85.7,86.1,85.3,85.6,93.5,93.5,90.7,90.4,11.15760112
2010-08-01,64.9,75.3,80.5,87.4,82.4,86.6,73.2,77.4,67.5,61.8,91.9,77.5,61.2,62.4,62.5,101.9,70.9,86.8,84.5,89.3,82.1,70.2,73.1,71.6,70,70.4,72.2,92.2,97.8,74.3,75.9,85.4,87.3,85,86.9,101.9,96,86.8,93.1,10.57692308
2010-09-01,64.2,74,79.5,85.7,82.9,87.2,73.1,76.2,67.5,59.7,108.3,69.6,59.7,62.2,62.2,98.8,66.7,86.9,85.8,87.5,82,70.1,74.4,69.2,69.6,84.1,81.6,82.9,98.1,72,78.2,84.2,86.9,83.7,86.5,98.8,96.6,81.4,92.8,11.97183099
2010-10-01,68.4,77.1,83.4,88.7,83.2,88,75.9,74.6,71.4,61.4,81.2,67.9,65.9,66.9,67,100.4,73,88.7,85.6,85.4,81.8,74.5,75.9,71.4,71,64,71,81,98.1,78.8,76.2,88.9,87,88.6,86.7,100.9,100.1,88.4,94.7,8.735332464
2010-11-01,67.8,78.8,82.4,90.6,83.4,88.9,74.3,79.3,76.3,60.9,91.4,71.1,64,64.5,64.6,107.5,76.5,85.9,85.5,90.3,82.9,80.6,77,70.8,71.6,74,75.7,84.4,98.5,75.6,75.4,84.3,86.4,83.9,86,108.1,102.2,91.9,92.3,10.01335113
2010-12-01,92.6,96.4,111.6,109.8,83.9,89.5,79.1,70.8,104.5,71.3,142.7,117.3,100.9,83.2,83.5,112,151.1,91,87,80.1,84.4,110.9,78.3,82.8,73.9,119.5,80.4,138.8,106.2,118.6,75.6,107.7,86.8,107.5,86.4,112.4,102.1,177.1,93.6,10.27667984
2011-01-01,67.7,73.7,81.7,83.9,84.1,88.4,74.6,68.4,80.2,59.9,78.4,124.9,57.8,65.8,66,90.4,64.3,85.2,87.2,77.3,83,85.5,81.1,69.6,73.2,64,73.8,147.8,97.8,67.4,72.1,84.4,86.9,84.2,86.7,90.2,99.7,76.3,92.9,8.355437666
2011-02-01,63.4,72.4,75.9,82.3,84.4,90.3,71.9,67,67.9,57,76.5,106.1,55.1,62.8,62.9,97.6,60.3,81.6,86.9,75.4,83,71.8,80.4,66.4,72.8,63.6,72.1,123.8,98.1,63.9,76.1,80.5,87.4,80.3,87.4,97.7,103.1,71.7,96.2,8.583690987
2011-03-01,69.1,77.7,82.2,88,85.3,90.8,78.9,71.5,70.7,63,92.2,84.4,60.9,69,69.1,101.9,67.4,87.3,87.3,80.6,85.2,75.2,81.7,73.2,73.3,79.3,79.3,97.4,98.5,70.5,78.8,88,88.7,87.6,88.2,102.1,103.9,79.5,97,3.91908976
2011-04-01,70.8,77.1,82.9,86.3,85.4,90.8,78.8,67.9,68.5,63.3,76.8,74.1,62.6,72.1,72.3,95.6,72.6,82.2,84.7,76.2,85,73.5,82.2,71.7,74.1,66,72.1,85.4,97.8,72.4,76.6,91.3,89.2,91.1,89,96,104.3,84,93.9,10.2393617
2011-05-01,71.9,81.6,84.8,91.9,86.4,92,79.5,80.9,79.2,68.3,95.8,78.1,65.1,67.5,67.5,106.8,88.5,83.3,84.9,91.1,89.6,85.4,84.5,76.5,75.2,85.1,86.6,89.7,100.6,74.9,76,85.1,89.4,84.7,89,107.7,105.6,101.1,95.9,6.26566416
2011-06-01,69.9,78.1,82.5,88,86.4,91.5,75.6,79,70.1,67,124.3,71.1,63.3,66.5,66.6,98.8,90.6,82.8,84.8,88.9,88.2,75.1,83.2,74.7,75.8,111.7,110.8,81,100.1,72.5,77.6,83.9,88.6,83.5,88.2,99.9,102.5,102.1,100.1,7.003891051
2011-07-01,72.5,80.1,85.3,90.1,86.9,91.3,79.4,81.1,75.1,69.1,93.3,76.4,64.9,70.8,70.9,99.1,81.5,86.4,85.7,90.9,88.3,80.4,84.3,76.9,75.9,82.5,87.8,86.3,101.3,74.3,78.1,89.6,90.2,89.2,89.8,100.5,104.1,91.9,93.1,7.026348808
2011-08-01,73,82,85.7,92.1,86.8,89.9,81.1,85.5,77.4,70.4,100.1,85.4,66.5,70.6,70.6,104.1,78.1,88.3,85.5,95.2,86.1,82.1,83.9,78.4,75.4,88.9,87.3,97,102.4,75.6,77.7,88.7,90.2,88.3,89.8,105.8,97.3,87.5,92,6.459627329
2011-09-01,71.3,79.9,83.6,89.7,87.1,90.7,79.4,83.6,75.5,68.9,99.2,75.3,63.7,69.8,69.8,100.9,73.5,85.8,84.4,93.1,88,81.2,86.3,76.7,77,90.5,88.9,85.1,100.8,71.9,77.3,87.1,89.9,86.7,89.5,102.3,100.1,82,93.5,5.157232704
2011-10-01,74.4,80.7,87,90,87.2,89.9,81.6,82.1,77.6,69,89.4,75,70.2,73.1,73.2,95.4,78,88.2,84.7,91.2,87.6,84.2,86.4,76.9,76.5,82.5,89.6,84.6,102.1,79.2,77.5,91,89.8,90.7,89.5,97,96.6,86.4,92.9,4.316546763
2011-11-01,75.2,83.3,87.9,93.4,88.3,91.3,80.2,85.9,83.3,69,98.4,79.1,69.4,72.6,72.7,102.9,83.3,86.9,86.8,95.5,89.5,90.5,85.4,76.7,77.6,92.2,93.7,89,101.7,77.5,76.2,89.5,90.6,89.2,90.4,105.2,99.3,92.3,92.5,6.674757282
2011-12-01,102,102.6,119,114.5,89,93.3,84.8,76.1,115.8,79.8,171.2,120.8,109.5,92.3,92.5,109,164.6,91.4,87.1,84.2,89.2,127.9,90.8,88.5,79.6,161.1,113.1,135.6,102.1,122.6,78.7,112.6,89.6,112.5,89.2,111.6,102.4,178.5,92.8,6.630824373
2012-01-01,75.8,81.6,88,90.8,91.2,94.6,77.7,80,88.9,66.8,92.4,142.4,67.5,75.3,75.7,96.2,69.1,84.5,86.8,88.4,91.9,96.7,91.4,75.6,79.2,85,95.6,162.2,104.1,76.3,79.6,91.5,95.9,91.8,96.2,97.3,102.9,77.4,95.9,7.711138311
2012-02-01,72.3,76.2,83.9,84.9,91.8,94.6,77.6,74.2,74.7,64.6,90.4,108.9,59.4,75.1,75.4,86.8,61.9,85,89.5,81.8,92,81.5,92.7,72.6,79.2,84.9,94.7,123.6,99.9,67.1,80.1,91.3,95.7,91.4,95.9,87.9,101.5,69.4,94.1,10.54018445
2012-03-01,79.7,87.1,92.5,97.1,92.3,95.6,84.3,85.4,82.3,74.3,107.9,90.2,68.3,81.5,81.9,106.3,73.5,91.7,89.3,94.2,91.8,90.9,93,83.5,81.1,101,96.1,102.2,100.4,77.2,80.2,98.8,96.7,98.9,96.6,107.9,101,82.9,94.3,12.53041363
2012-04-01,76.1,79.9,87.8,88.8,93,95.5,80.2,78.3,74,70.8,93.1,72.2,65.9,78.5,78.9,90.1,74.1,87.2,90.5,86.2,95.2,82.6,93.9,78.4,82.1,87.9,97.8,82,97.3,74.3,82.1,94.6,96,94.6,96.1,91.5,99.5,82.9,96.8,5.910735826
2012-05-01,79.6,86.8,91.7,96.5,92.6,95.5,81.7,86.5,83.8,78.2,104.2,80.5,72.2,77.3,77.3,104.7,95,89.3,90.1,95,91.8,93.4,92.1,85.9,83.1,99.8,98.7,91.4,103.4,81,82.2,92.6,96.3,92.3,96.1,106.9,102.3,105.2,97.7,8.136792453
2012-06-01,78.7,87.9,90.2,99,93.9,102.2,80.1,81.3,77.6,75.8,95.6,78.4,69,78.5,78.6,113.4,93.1,88.4,90.8,89.3,91.5,87,95.5,83.1,84.5,91.1,93.2,88.7,108.8,77.2,83.4,93.3,97,93.2,97,120.6,126.3,102.6,99.3,9.333333333
2012-07-01,80,88.5,91.4,99.3,94.6,100.7,83.6,87.5,80.9,78.3,96.8,81.6,70.7,79.8,79.8,110,87.8,93.1,92.5,95.9,92.3,90.5,95,85.7,84.5,92,97.6,91.8,108.7,79,83.8,94,97.7,94,97.8,117,116.5,97.1,100,7.15123095
2012-08-01,82.8,95.1,94.2,106.5,94.7,104.3,87.2,94.3,84.9,81.3,103.9,90.6,75.2,82.3,82.4,126.1,85.9,97,93.4,103.3,94.6,94.7,96.9,88.4,84.8,98.8,96.7,101.6,108.3,83.6,85.5,96.3,96.5,96.2,96.4,133.7,125.5,94.9,99.2,9.91831972
2012-09-01,80.5,82.9,90.8,91.5,94.9,94.6,85.8,85.7,77.3,76.4,94.1,79.1,69.9,83,83.1,87.6,78.8,95.5,94.9,93.6,93.7,86.3,94.8,83.1,84.8,90.1,93.9,88.6,109.4,77.3,84.7,95.7,97.7,95.8,97.9,92.6,96.9,86.3,99.1,8.612440191
2012-10-01,84.8,93.3,94.9,103.1,95.1,100.6,89,94.6,86,80,100.4,84.3,81.8,84.9,85.1,113.9,83.1,98.3,94,103.5,95.4,95.8,96,86.8,84.9,95.7,97.5,93.9,110.1,89.9,87,97,97.1,97,97.2,120.4,113,90.4,97.4,9.08045977
2012-11-01,85.6,91.1,95.3,100.1,94.7,97.8,86.1,92.4,88.2,77.6,95.9,88.9,83.9,85.2,85.5,104.4,91.2,93.4,92.1,100.9,94.6,98.2,90.9,84.1,84.9,91.5,91.8,98.9,109.9,91.9,87.7,96.9,97.2,97,97.2,110,104,98.3,97.6,8.418657565
2012-12-01,113.2,110.5,125.1,120.3,95.2,100,89.2,82.9,125.1,85,128.3,129.4,123.2,106.8,107.6,113.1,173.9,96.5,93.1,90.2,97.7,138.6,101,92.1,84.6,124,91.8,142.8,107.5,133.6,87.9,120.3,97.1,120.9,97.2,119.2,111.4,185.3,98.4,5.12605042
2013-01-01,85.4,89.9,93.3,97.1,95,99.2,85.7,90.5,93.4,77.3,96.4,157.6,80.5,85.7,85.8,100.9,75.8,92.2,94,98.1,97.7,102.3,95.4,83.6,86,92.4,99.8,172.1,108.3,86.9,88.9,94.6,97.5,94.6,97.4,105.1,107.1,81.5,98.2,6.022727273
2013-02-01,77.8,80.4,83.7,85.9,94.8,99.2,81.1,79.3,74,71.9,93,120.7,66,82,82.1,87.4,65.2,84.1,91.7,85.4,98.4,80.8,95.6,77.6,87.7,89.2,100.7,131.5,109.3,70.8,87.2,89.4,96.9,89.4,96.8,90.7,109.9,69.7,98.2,-0.238379023
2013-03-01,90.5,94.3,96.6,100.2,95.5,100.3,91.8,87.9,82.6,81,103.8,96.7,83.2,95.6,95.9,105.8,82,95,94.3,94.2,99.1,90.2,96.3,87.5,87.6,98.9,97.6,104.7,106,89.1,90.2,102.9,97.1,103.3,97.2,109.4,111.9,87.7,101.8,4.432432432
2013-04-01,84,91.3,89.3,96.9,96.2,101.6,91.1,93.8,83,85.7,96.8,85.6,74.6,83.9,83.8,108.3,86.2,94.5,97.4,100.2,100.6,90.2,97.3,90.1,91.4,92.5,99.4,92.5,109.8,79.6,90.2,89.5,95.2,89.3,95.3,112.1,110.6,91.4,105.4,1.708428246
2013-05-01,90.3,95.1,95.8,100.7,96.5,100.5,93.1,94.1,92.2,89.6,102.9,85.4,82.7,89.3,89.3,107.4,100.9,97.4,98,99.7,98,99.3,98.1,92.9,90,99.4,98.2,92,104.6,87.8,89.7,95,98,95,98.1,111.3,109,106.2,99.6,4.471101418
2013-06-01,86.4,91.7,91.7,97,97,102,90.2,88.4,82.9,85.6,99.3,80.1,77.9,86.9,86.9,105.6,95,95.6,98.9,93.6,99,89.4,100.5,88.6,91.4,97.4,104.1,85.6,108.4,82.4,90.6,92.6,97.1,92.7,97.4,109.2,116.8,99.4,97.6,1.662971175
2013-07-01,91.1,97.1,97,103,99.4,102.8,94.2,100.1,93.8,92.5,102,87.7,83.2,90.2,90,110.9,97.9,100.3,99,105.9,100.3,100.5,103.2,95.7,93.2,99.6,103.2,93.1,109.6,88.2,94.2,96.6,99.9,96.4,99.9,114.9,110.5,102.9,103.8,6.126914661
2013-08-01,94,99.6,100,105.6,99.9,103.8,96.1,101.5,96.2,93.6,109.1,93.6,86.1,94.6,94.8,112.8,93.8,102.2,98.1,107.5,100.7,102.1,105.2,97.2,93.5,106.6,105.8,99.4,108,90.7,93.8,101.6,100.4,101.7,100.5,116.6,112.8,98.4,101.1,6.157112527
2013-09-01,89.2,93.4,94.6,98.6,100.1,102.5,93.2,98,88.1,89.6,106.8,83.7,84.7,90.2,90.2,102.6,83.1,99.5,98.5,103.3,102.2,92.7,101.9,92.9,94.6,104.5,107.5,88.7,110,88.9,97.2,96.6,101,96.4,100.9,105.5,107.5,86.7,102,4.185022026
2013-10-01,95.1,100.5,100,105.4,99.7,102.9,98.4,106.3,96.5,93.2,109.1,88.8,96.9,94.5,94.5,112.4,90.8,104.8,99.8,110.7,101.7,100.6,101.7,96.7,94.6,105.9,107.8,93.3,110.1,101.1,96.9,100.1,99.4,100,99.4,115.1,109.1,93.7,100.5,5.374077977
2013-11-01,97.4,101.6,102,106.1,99.4,102.8,96.6,102.4,102.9,91.3,103,94.5,94.5,97,96.9,111.9,102,101.7,100.7,106.1,101.4,107,96.5,94.4,95.4,101.4,101.4,99.1,108.4,97.9,92,102.5,100.8,102.3,100.6,114.9,111.2,104.3,101.2,7.03043022
2013-12-01,125.2,120.2,129.9,123.7,100.3,102.1,100.9,92.5,133.3,100.3,130.4,141.7,144.5,117.4,117.9,116.7,188.4,102.2,98.8,95.2,101.2,137.4,101.3,103.5,95.3,132.6,99.6,148.2,108.7,148.5,96.9,123.1,101.6,123.5,101.5,119.2,106.9,190.9,103,3.836930456
2014-01-01,96.2,98.8,99.2,101.7,100.2,103.5,98,100.1,105.4,92.5,90.1,168.4,94.2,95.9,96,104.9,82.5,98.6,100.5,102.5,101.4,108.2,100,95.2,97.6,88.9,94.6,172.7,105.6,96.5,98.3,99.8,101.7,99.9,101.6,106.8,108.9,83.9,100.6,6.323687031
2014-02-01,88.8,91,90.9,92.9,100.3,101.7,95.4,97.7,88.2,86.9,99.1,122.7,81.3,91.1,91,94.1,73.4,95.8,102.4,99.7,105.4,89.2,100,89.2,97.4,95.6,98.9,125.2,97.9,82.8,98.3,94.3,101.5,94.1,101.2,95.1,102.4,74.7,100.8,8.602150538
2014-03-01,94.8,93.9,95.6,94.6,100,100.5,99.3,94.2,92.3,93.1,96.6,94.5,84.7,98.9,98.9,91.7,80,98.9,100.7,95.4,101.5,93.6,102,95.7,97.1,93.9,96.1,95.5,104,86,97.6,100,101.2,100.2,101.3,92,100.9,81.3,99.1,-1.035196687
2014-04-01,95.3,96.6,95.3,96.9,99.8,101.3,97.1,93.8,91.1,94.1,90.1,81.5,90.8,98.7,98.8,100.7,85.6,96.1,99.3,94.4,100.3,92.4,103.1,95,97.9,88.2,96,82.5,100,91.7,97.3,98.5,98.6,98.7,99.1,100.8,105.3,86.7,100.1,6.718924972
2014-05-01,100.5,101.5,100.2,101.4,100.3,101,100,101.3,107.1,102.9,99.3,88.7,98.1,98.4,98.3,104.1,108.1,99.4,99.2,101.5,100.7,107.5,105.9,102.4,99.2,95.9,96.4,89.1,102.3,98.3,99.9,97.6,99.6,97.7,99.8,103.9,103,108.4,99.9,4.592901879
2014-06-01,92.9,91.6,92.6,91.2,99.3,96.6,92.7,89.5,89.5,96.3,92.2,74.7,89.1,93.8,93.6,88.9,97.1,93.1,96.1,89.3,93.6,89.5,100.7,95.5,98.6,90.1,95.4,74.8,95.5,88.9,99.1,93.3,99.9,93.2,100.1,88.8,93.2,97,97.8,0.981461287
2014-07-01,96.5,98.2,96.1,97.9,98.6,97.8,98.5,103.1,92.2,103.5,93.3,81.3,92.6,96.9,96.7,100.6,98.5,99.9,98.1,102.5,97.5,91.3,94.9,102.4,99.9,91.3,96.2,81.5,97.5,92.2,98.4,96.6,99.5,96.4,99.4,100.5,96.6,98.7,98.9,-0.927835052
2014-08-01,99.2,98.6,99.1,98.5,100.2,98.5,101.9,102,95.4,105.2,99.1,90.9,94.6,100,99.9,96.2,97.2,102.7,100.2,101.3,99.1,94.5,99.6,104.2,102.1,99.5,102,90.6,100,94.6,99.5,100.1,99.3,99.9,99.1,96.4,96.4,97.6,102.6,-0.9
2014-09-01,95.4,97.6,95.1,97.4,100.2,99.4,101.3,104.1,94.1,103.5,101.7,80,94.4,95.2,95,101,86.9,102.4,100.7,103.2,99.9,92.8,100.6,102.5,102.9,101,101.8,79.2,98.3,94,101.7,94.7,99.3,94.4,99.2,100.6,98.7,86.7,100.7,0.528541226
2014-10-01,102.9,103.8,102.2,102.9,101,100.5,106.2,111.9,100.2,107.3,103.5,82,107.1,103,103,103.1,95,107.1,101.9,110.4,101.5,98.9,99,106.1,103.7,106.2,107,80.6,94.2,106.3,101.9,102,100.4,101.9,100.4,102.2,98.1,94.2,100.9,2.2
2014-11-01,104.8,104.7,103.5,103.6,100.9,102.2,103.2,104.7,110.6,101.2,102.2,96.7,110.6,102.9,103.1,104.5,107.4,101.8,101.8,103.6,101.6,109.5,99.3,100.1,102.6,107.1,108.9,94,104.4,109.4,101.3,101.1,99.7,101.2,99.7,104,104.6,106.2,104.2,1.470588235
2014-12-01,132.7,123.7,130.3,121,99.8,98.4,106.4,97.6,133.8,113.6,132.8,138.6,162.3,125.2,125.8,109.9,188.4,104.2,100,96.1,98.6,132.7,97.5,111.8,101.6,142.2,105.6,134.5,96.5,159.3,103.7,122,100.2,122.5,100.3,108.9,94.9,184.5,97.4,0.307929176
2015-01-01,102.3,99.3,99.8,96.7,100,98.2,100.5,101.8,104.2,101.7,100.3,162,102.5,104.1,104.1,91,84.6,98.4,100.2,99.6,99.1,104.6,96.6,100,102.6,107.6,116.2,155.7,94.5,100.9,103.7,100,100.3,100.2,100.2,89.4,92.7,83.4,98,0.60483871
2015-02-01,91.8,87.1,87.9,83.3,99,95.6,95.1,89.3,80.7,92.5,97.2,122.4,87.3,97.2,97.3,74.7,69.6,86.2,94.6,86.9,98.4,79.7,93.5,90.8,102.1,103.4,110.9,117.2,96,85.3,104.7,92.6,99.6,92.8,99.6,72.5,87.9,69.1,97.7,-3.300330033
2015-03-01,100.7,98.6,95.9,93.9,98.4,94.2,108.1,101.3,88.2,107.6,108.5,94.4,102.5,103.7,103.7,92.2,81.6,96.8,96.8,98.1,95.4,87.3,89.6,105.5,103,114.4,109.2,89.9,92.3,99.5,103.5,97.6,98.7,97.8,98.7,88.6,83,80.4,95.7,0.313807531
2015-04-01,97.9,94.3,92.1,88.9,97.3,93.6,103.8,94.5,79.7,105.9,84.2,79.8,94.2,103.5,103.5,85,82.1,94.1,96.5,90.5,95.9,78.3,88.4,100.9,103.9,90.5,97.5,74.9,92.3,91.1,101.3,96.5,98.5,96.7,99.1,81.4,85.9,80.2,92.3,-3.357817419
2015-05-01,102.4,97.2,95.7,90.9,96.9,92,105.1,94.5,89.2,111.3,90.3,83.9,102.8,104,103.7,85.2,103,95,95.8,90,92.9,87.6,87.3,104.3,102.9,95.4,98.8,78.6,92.5,98.6,101.6,95.6,97.8,95.6,97.9,80.9,82.9,99.9,95,-4.491017964
2015-06-01,97.1,94.3,90.1,87.9,95.9,91.1,101.9,95.3,79.5,108.6,92.5,76.2,94.9,99.6,99.3,87,96,92.4,94.3,90.5,91.9,77.3,85,101,102.9,96.8,100.1,70.5,89.1,90.1,99.5,90.8,97.4,90.8,97.8,82.7,83.1,92.5,91.4,-2.699784017
2015-07-01,100.1,98.1,92.4,91.1,94.4,91.1,105.1,100.6,82.3,112.6,81.2,80,97.5,103.6,103.2,92,93.7,95.6,93.6,95.2,90.4,79.6,82.3,104.4,102.1,86.5,90.5,74.1,87.1,92.4,98.5,94,96.3,93.8,96.3,87.1,83.9,90.7,90.6,-3.850156087
2015-08-01,100.3,96.3,92.2,89,93.9,89.9,106,97.4,79.8,113.9,88.9,82.8,97.7,104.9,104.4,85.6,87.2,95.4,93.1,92,89.8,76.9,82,105.3,103.4,92.2,94.4,76.6,86.2,91.9,98.5,95.3,95.4,94.9,95.1,81.4,81.1,84.2,88.8,-6.962663976
2015-09-01,97.1,93.4,89.1,86.2,93.7,88.2,104.3,95.2,78.5,109.9,88.4,73.6,93.5,102.2,101.8,83.5,78.8,93.8,92.6,90.2,88.5,75.8,82.7,101.3,102,91.2,92.7,67.4,85.4,87.4,94.2,92.7,96.4,92.4,96.4,78.8,77.8,75.5,87.5,-6.309148265
2015-10-01,106.1,99.2,96.4,90.7,94.5,88.7,111.1,98.5,85.9,114.9,76.1,80.2,104,112.7,112.4,82.2,88.6,95,90.2,93,86.9,82.9,83.4,105.6,103.5,79.7,82.4,73,85.7,96.8,93.7,101.6,98.6,101.3,98.3,77.8,76.7,84.3,88.7,-5.675146771
2015-11-01,106.2,98.9,95.4,89.9,93,88.3,108.6,95.5,96.7,111.4,98.1,85.8,112.5,108,107.7,82,95.1,89.5,89.7,89.5,86.2,93.4,82.6,102.1,103.9,101.1,98.8,77.1,84.2,103.5,93,95.5,96,95.3,95.7,78.6,77.3,89.7,89,-7.826086957
2015-12-01,136.2,120.3,120.9,107.8,92.7,88,115.6,89.8,112.5,126.1,113.5,128.3,161.5,135.3,135.5,91,178.2,94,89.6,84.1,85.3,107.6,81.1,115.2,104.4,119.6,91.6,114.3,83,146.7,95,117.4,96,117.7,95.7,87.1,76.9,166.7,87.7,-7.214121259
2016-01-01,103.1,94,89.2,83,90.4,85.3,106.2,87.2,83.8,109.4,78.9,154.2,94.8,111.2,111,73.5,77.6,84.8,87.8,81.7,84.3,78.8,74,99.7,104,80.9,89.7,135.5,82,86,89.8,94.2,94.7,94.4,94.5,70.3,75,72.6,87.1,-10.62124248
2016-02-01,98.5,90,84.2,78.7,91.6,86.9,105.1,83.1,76.1,105.7,86.4,113.4,84.2,109,108.8,71.3,65.6,82.9,87.9,77.3,83.6,71.5,80.2,96.1,103.8,85.8,86.6,98.1,77.1,75.4,90.4,91.3,95.4,91.6,95.3,67.6,78,61.2,83.6,-4.209328783
2016-03-01,106.9,99.2,90.4,86.4,90.6,85.3,111.7,90.3,80.8,119,109,87.9,98.6,116.9,117,82.8,73.6,87.1,86.2,83.7,83.3,75.2,77.8,107.8,104.8,104.5,98.1,75.4,76.7,87.6,88.9,96.4,94.3,96.8,94.5,78.7,75.2,68.1,79.2,-5.735140772
2016-04-01,102.7,93.8,85.8,80.7,90.9,84.1,107.2,85.1,75.8,116.3,80.8,71.8,91.6,112.7,112.8,74.4,78.4,84.1,86.3,78.7,81.2,70.3,76.4,99.6,101.1,77.5,83.2,60.9,74,81,91.1,92.1,94.6,92.4,95.4,70.2,71.7,72.2,81.8,-6.840390879
2016-05-01,104.6,95.2,87.1,81.6,90.1,84.4,106.2,86.7,80.9,122.1,86,70.7,95.3,111.5,111.4,74.6,94.7,84.7,85.6,80.5,82.6,74.3,75.7,101.6,100.8,81.7,83.8,59.4,73,83.3,88.9,90.4,94.7,90.6,95,70.2,72.2,86.3,86.6,-8.986415883
2016-06-01,103.7,94.7,85.7,80.9,90.2,83.1,104,88.3,75.5,119.8,84.8,69,94.9,111.2,109.7,74.6,97.8,84.1,85,81.9,81.9,69.1,74.9,98.9,100.2,79.1,80.7,57.6,72.1,82.6,88.5,89.3,95.1,88.4,94.7,70.1,68.6,89,85.3,-4.883462819
2016-07-01,106.4,96.2,87.2,81.4,89.4,82.5,106.1,89.8,78,122.5,79.6,73.8,94.3,117.2,117.4,72.8,85.2,86.1,84.9,83.2,82.1,71.1,74.8,101,100.9,74.9,82.2,61.5,71.8,81.8,88.3,93,94.4,93.2,94.8,68.6,69.3,77.9,78,-5.627705628
2016-08-01,107,97.5,87.1,82.2,89,81.4,106.1,92.3,76.9,123.8,89.5,78.9,95.1,118.3,118.3,75.5,82.4,86.2,84,85.7,80.2,69.7,72.6,101.4,98.2,84,82.5,65,71.8,82,87.3,93.2,94.6,93.3,95,70.8,65.8,75.4,79.8,-5.531453362
2016-09-01,102.8,93.4,84,78.9,87.9,81.1,105.4,87.1,72.2,119.9,85.8,67.7,92.5,114,113.7,71.7,74.3,85.6,83.9,80.6,78.9,65.7,71.8,98.2,98.8,80.2,82.2,55.3,70.3,79.6,84.6,90.5,93.6,90.2,93.5,67.6,67.3,67.8,78.2,-5.723905724
2016-10-01,108.2,96.6,88.6,81.6,88.3,81.6,106.6,86.6,78.4,121.3,76.8,73.9,103.9,119.3,118.9,70.8,81.5,85.4,82.3,80.5,77.6,71.7,74.1,99.1,99,74.4,79.1,60.4,72.3,89.4,89.2,95.1,93.6,94.8,93.4,67.2,68.4,74,79.6,-8.091286307
2016-11-01,111.1,100.1,91.8,85.2,87.8,81.3,103.1,91.9,93.5,120.7,94.2,83.8,120,117.4,117.2,75.1,89.2,82.5,82.7,85.7,81,86,73.5,98.4,98.3,92.1,86.5,68.2,73.8,103.1,89.1,93.9,93.3,93.7,92.9,71.3,68.5,80.9,78.1,-3.773584906
2016-12-01,138.9,118.9,115,100.5,87.3,82.3,112.3,88.4,106,133.6,114.8,122.8,163.1,142.9,142.9,79.1,168,88.9,84,82.7,84.2,98.1,74.4,108.8,98.2,118.2,93.5,100,73.1,139.7,90.8,114,91.4,114,90.8,75.4,69.6,152,78.7,-4.88006617
2017-01-01,107,97,88.1,83,90.8,85.4,102.2,92.7,88.6,120.1,75.6,153.4,98.2,118.4,119.4,71,79.6,79.8,82.8,85.5,86.6,81.9,77.6,97.6,101.8,75.5,82,122.5,74.3,83.3,87.5,94.5,98,95.2,98.3,67.8,69.5,72,88.1,-1.233183857
2017-02-01,98.4,87.9,81.1,74.9,91.2,85.5,96.6,82.1,72.7,112.6,73.1,114.6,82.1,113.2,114,61.2,70,75.8,83.5,75.8,86.1,67.2,78.5,91.2,102.3,73.8,77.6,91.2,74.1,69.6,86.8,90.7,97.2,91.4,97.6,57.4,68.9,63.4,89.3,-3.681710214
2017-03-01,105.7,98.8,87.5,84.8,89.3,83.5,106,99.6,89.4,131.4,89.8,100.6,97.9,112.4,111.6,79.5,83.7,85.1,83.9,91.7,86.9,83.1,81.7,106,100.9,91.6,85,79.3,79.5,83,89.3,89.7,91.8,89.1,91.3,74.8,67.8,76,88.2,-3.207964602
2017-04-01,105.9,94.2,87.3,80.2,91.3,85.5,98.6,84.4,75.1,122,78.1,74.7,98.7,119.6,120.5,65.6,88.7,80.6,83.4,77.7,86.8,70.2,80.8,96.7,101.6,80.9,90.3,58.9,72.6,83.8,89.6,94.9,93.2,95.7,94.1,61.7,68.5,80.1,92.6,1.748251748
2017-05-01,108.1,99.8,89.4,85.6,91.5,85.9,103.4,95.6,90.4,133.6,88.4,75.1,101.8,113.6,113.8,78.6,101.5,84.4,84.4,88.1,87.1,84.7,83.1,105.2,102.3,92.2,89.3,58.9,71.5,85.8,90.8,90.4,94.6,90.7,95.2,74.1,70.9,90.7,88.2,2.640642939
2017-06-01,106,98,88.2,84.4,92.9,87.6,100.6,94.2,82.6,129.4,79.8,74.4,102,112.2,112.3,77.1,104,84.2,85,87.3,88.5,77.5,84.9,101.6,103.5,83.1,86.5,58,72.2,86.2,92.8,90,95.3,90.2,95.9,72.8,74,92.7,90.4,2.917152859
2017-07-01,107.7,99.6,89.9,86,92.7,87.7,102.6,99.9,85.6,131.4,79.3,78.9,100.6,115.4,115.5,77.2,100.1,85.3,83.7,92.4,90.3,80.2,85.1,103.2,103.2,83.4,90.4,61.6,70.6,85.2,93.2,93.3,95.7,93.3,96,72.9,73.2,89.6,89.9,3.096330275
2017-08-01,108.4,102.5,90.2,88.5,92.1,87.8,107.9,105,86.9,135.1,77.7,79.7,103.1,115.4,115.2,85.5,92.3,83.7,81.3,96.8,90.4,81.3,85.3,105.8,102.8,81.7,81.3,62.2,69.3,87.2,91.9,94.8,95.4,94.6,95.4,80.8,75.5,82.4,87.1,3.55912744
2017-09-01,107.3,99.8,89.2,86.1,92.3,88.2,107.5,100.9,81.9,133.7,73.9,66.1,104.4,115.9,116,78.8,85.6,82.1,81,93.1,92.6,76.6,82.8,105.1,106.3,77.8,81.2,51.7,65.7,88.1,93.9,95.7,97.4,95.6,97.6,74.8,76.1,76.3,86.1,6.19047619
2017-10-01,109.3,101.9,90.9,87.8,92,87.4,111.2,103.5,83.9,134.6,73.7,75.3,109.4,116.9,117.5,80.8,87.7,84.6,82,95.4,90.7,78.9,82.5,105.3,105.2,78.3,82.4,58.7,69.7,92.3,92,96.5,97.3,96.9,97.8,76.4,75,77.6,84.9,2.595936795
2017-11-01,116.4,107.2,97.3,92.6,91.9,88.7,108.9,107.3,104.4,135.5,80.1,85.6,131.6,119.6,120.7,81.7,99.7,80.5,80.3,98.2,92.2,99.4,84.4,106.2,105.5,85.7,79.2,66.7,73.7,111.2,93.8,99.2,97.5,100,98,77.6,76.2,88.1,84.3,5.991285403
2017-12-01,143.4,125.2,119.5,107.4,91.8,89.4,114.5,98.2,111.9,148.7,89.4,117,165,146.3,148.3,84.8,185.4,82.6,79.1,90,94.7,106.3,81.8,116.5,106.5,97,80.6,90.7,67.9,138.8,92,120.9,97.6,122.5,98.2,80.2,77.3,162.5,86.3,3.913043478
2018-01-01,110.5,103.4,90.9,88.3,92.6,89.4,108.2,100.8,90.7,131.9,73.1,148.1,108.7,119,120,84.6,81.9,76.5,78.8,91.8,91.2,86.1,81,102.9,105.8,79,82.3,113.7,68.4,91.6,95.9,97.4,100.4,98.3,100.9,80,79.6,72.4,87.1,3.178206583
2018-02-01,100.1,92.6,82.3,78.9,92.4,90,101.2,88.1,73.6,121.8,73.3,111.3,89.5,112.5,113.1,73.4,68.3,70.9,78.2,80.2,91.7,69.7,81.5,95.2,106.8,79.1,82.7,85.8,69.5,75.4,94.3,92.5,99.2,93.1,99.4,68.9,82.4,60.7,85.2,1.479654747
2018-03-01,114.9,108.1,94.5,92.3,93.3,90.6,115.4,99.8,84.8,142.2,79.5,90.4,111.9,125.8,126.2,92.3,85.4,81,79.5,90.4,90.8,80.5,81.5,111.3,107.5,85.5,82.8,69.3,70,94.5,95.2,103.5,99.5,103.9,99.7,86.7,84,75.7,86.2,8
2018-04-01,107.4,102.3,87.9,87.2,95.5,92.9,113.6,99.1,78.3,138,78.3,74.4,99.4,115.7,116.2,89.4,84.8,79.7,82.3,89.8,93.4,74.1,81.6,106.6,110.2,84.8,90.9,56.7,68,83.7,95.9,94.9,100.4,95.5,101.3,84.1,85.8,74.6,87.9,0.687285223
2018-05-01,112.5,103.2,91.8,87.4,94.1,88.1,113.6,95.5,82.8,142.8,77.8,67,109.1,119.6,120.1,80.5,100.3,77.8,77.5,86.5,85.6,78.9,78.4,109.9,106.9,85.4,82.9,50.9,63,91.8,97.1,97.6,101.3,98.3,102.2,75.6,72.9,87.7,85.8,2.684563758
2018-06-01,111.8,104.6,89.6,87.6,93.9,90.7,114,102.5,82.3,138.1,75.2,67.6,111.6,117.9,117.9,85.6,102.8,74.4,75.3,92.2,95.4,78.1,85.3,106.3,108.5,82,86.7,51.3,63.6,93.5,101.6,93.7,97.7,94,98.6,80.3,83.3,90.1,86.2,1.587301587
2018-07-01,110.9,105.5,89,88.5,93.1,89.7,116.9,105.7,79,141.2,74,72.6,106.4,118.5,118.5,90.4,93.3,77.8,76.4,94.3,91.1,74.6,79.4,108.9,108.9,80,85.2,55.2,61.2,89.2,96.8,94.6,99.2,94.7,99.7,84.9,82.2,82.5,84.1,-1.001112347
2018-08-01,116.6,112.4,93.9,94.6,95.4,93.9,120.7,115.4,84,147.8,79.2,69.9,114.3,124.8,125.4,99.9,96.6,82.1,79.7,102.5,95.8,78.8,82.3,113.5,110.5,85.4,84.9,53.1,57.9,95.4,99.9,100,99.7,100.4,100.3,93.6,87.9,85.1,90.2,4.101995565
2018-09-01,111.7,105.4,89.4,88.1,93.5,92.1,120,103.4,79.9,139.5,71.6,57.7,110,120.2,120.5,88.7,87.9,78.4,78.3,91.6,93.6,74.9,82,107,110.1,78.4,85,43.1,56,91.6,98.4,96.1,98.3,96.4,99,83.1,87.4,77.5,88.6,0.224215247
2018-10-01,116.7,112,92.7,93.3,92.9,91.5,125.8,114.9,83.4,146.5,75.1,60.4,119.6,124,124.4,98,92.4,80.2,77.3,101.7,93.5,77.4,80,112.4,110.9,80.8,81.2,45,52.9,99.5,99.5,98.4,98.6,98.8,99.3,91.8,87.3,81,86.9,1.98019802
2018-11-01,126.4,117.1,101.7,98.1,95.2,93.1,119.6,112.7,109.1,147.6,81.1,60.6,154.8,128.7,130.1,93.1,105.4,78.2,77.9,99.5,92.9,101,84.7,114.3,113,88.6,81.6,45.1,50,130,106.6,102.3,100.2,103.6,101.1,87.5,86.3,93,88.7,4.522096608
2018-12-01,149.1,130.9,120.3,109.3,92.9,92,121.1,101.3,109.8,160.7,86.3,92.5,169.6,154.9,157.2,91.4,184.8,82.7,79.1,89.5,93.6,100.6,77.3,124.9,113.7,93.9,78.5,68.1,51.9,141.8,95.9,122.7,100.2,124.8,101.3,86,83.6,160.9,85.9,0.669456067
2019-01-01,115.7,109.4,92.6,91.4,94,92.8,110.8,106.7,91.9,142.2,75.2,109.9,116.1,126.8,128.2,92.7,81.3,77.5,79.4,93.9,93.8,83.7,80.3,110.4,113.7,80.3,84.1,81.1,49.5,97.2,100.7,99.6,101.8,101,102.8,87.1,87.2,71.4,85.7,1.870187019
2019-02-01,107.7,102.4,85.6,85,93.6,92.2,104.1,100.4,78.9,135,82.5,88.5,100.2,120.7,121.7,88.3,76.2,73.5,79.3,87.9,93.6,71.6,79.8,104.8,114,86.7,85.1,64.9,49.8,83.5,101,93.7,100.1,94.8,101.1,82.5,87.2,67.2,89.7,4.009720535
2019-03-01,115.1,108.4,90.3,89.2,94.4,93.2,113.6,103.2,84.1,148.5,81.2,60.2,110.2,127.7,128.4,91.9,82,77.5,78.9,90.1,95.5,76.6,80.1,115.4,115,86,91,43.8,47.5,91.7,102.4,97.5,99.5,98.4,100.3,85.5,91,72.1,87.7,-4.444444444
2019-04-01,115.1,109.9,89.5,90,94.4,93.6,116.1,107.7,81.6,145.7,77.3,58.2,114.7,127,128,96.4,82.4,77.4,79.3,93.5,98.9,74.1,81.9,110.7,114.7,81.1,85.4,42,48.9,95,101.6,96.4,97.2,97.5,98.2,89.9,91.9,72.2,83.6,1.820250284
2019-05-01,119,114.1,92.7,93.5,94.9,94.6,121.1,111.9,91.5,157.1,82,58.7,113.7,126.5,127.2,101.3,99,79.1,78.7,96.7,96.3,83.5,82.6,118.6,115.2,86.6,83.4,42.5,52,93.9,99.9,96.5,99.2,97.4,100.3,94.5,91.9,86.6,85.1,0.980392157
2019-06-01,114.9,109,89.7,89.3,95.5,94.5,116.1,103.4,80,148.2,69.8,52.7,112.6,123.5,123.6,94.7,101.9,77.7,79.3,89.2,95.3,72.9,82.1,111.5,115.6,74.8,81.9,37.9,48.2,92.7,102.3,94.4,99.2,94.8,100.3,88.3,94.8,88.7,86.5,0.111607143
2019-07-01,118.2,115.5,92.8,95.3,96.2,95.1,118.6,118.5,88.3,156.3,73.9,63.1,116.6,125.6,125.6,107,100.4,81.8,79.8,102,96.3,80.1,83.8,118.1,116.3,79.1,80.9,45.2,48.6,96.4,104.5,96.2,100.2,96.6,101.2,99.9,94,87.8,87.7,4.269662921
2019-08-01,121.1,116.6,95.2,96,96,95.2,115.5,118,86.5,158.1,76.8,61.7,121.5,132.9,133.5,103.6,94.3,79.8,77.1,101,95.6,77.8,82.1,119.3,116.4,82.4,83.6,44.1,47.9,99.9,104.6,102.5,100.7,103.3,101.6,96.2,92.5,82.3,85.8,1.384451544
2019-09-01,115.8,111.4,91.4,92,96.5,96.1,113.4,112.7,88.7,151.6,71.5,51,121,124.2,124.6,98.8,87.6,78,78,96.9,97,81,87.3,114.2,117.3,77.6,82.3,36.5,46.7,99.4,106.5,96.3,100.9,96.8,101.8,91.8,93.5,76.3,88.5,2.237136465
2019-10-01,122.8,119.4,96.6,98.5,96.6,96.8,121.4,125.8,91.7,160,78.9,54.6,131.4,130.5,130.8,107.9,95.8,82.5,79.2,108.4,98.9,83.7,87.5,120.4,118.9,85.4,86.1,39.1,46.3,107.8,106.8,101.1,100.7,101.5,101.3,100.2,95.7,82.9,88.6,4.207119741
2019-11-01,132.9,123.7,104.9,101.9,96.7,96.2,116.8,120.5,115.4,165.8,87,54.2,160.5,136.9,138.1,99.3,109.6,79,79,103.9,98.4,105.8,88.1,125.3,123.9,95.5,88.7,38.6,43.4,131.9,108,105.1,101,106.2,101.7,92.9,94.2,94.5,88.5,3.146509341
2019-12-01,158.9,140.4,123.5,113.8,96.4,95.4,125.8,108.7,129.2,177.3,87.1,98.5,196.3,160.6,162.7,100.8,186,82,78.7,93.8,96.9,119.4,90.9,133.7,121.3,95.4,79.6,69.4,53,160.4,108,119,99.6,120.9,100.4,94.4,89.2,160.7,87.6,2.660016625
2020-01-01,122.3,116.6,93.9,94.5,94.9,95.9,119.5,112.8,100.8,156.9,68.7,119.8,127.3,130.7,131.8,102.1,84.6,77.1,78.7,96,96.6,93,89.2,118.2,121.7,74.9,77.9,84.1,50.7,104.6,108.1,96.9,98.2,98.1,99,95.7,96.7,73.3,88,1.403887689
2020-02-01,117.1,108.7,89.6,87.5,95.6,96.4,113.6,101.1,86.4,150.5,69.3,85.7,111.1,131.6,132.9,88.4,77.5,73.7,78.4,86.2,96.6,80,90.5,113,122.6,75.5,76.2,60,47.3,90.8,109.8,97.5,99.4,98.7,100.5,82.4,96.7,67.7,89.3,4.672897196
2020-03-01,118.2,105.4,89.3,83.5,92.9,82.9,105.5,97.2,71.3,172.2,61.3,42,92.5,148,150.2,72.9,49.8,69.8,69.6,83.3,79.8,67.2,67.1,129.3,124.5,66.1,65.4,29.1,30.2,75.2,80.3,108.2,113.6,110.2,115.7,67.4,60.9,43.5,51.6,-1.107419712
2020-04-01,99,83.8,74.2,65.3,77.8,68.4,78.5,85.9,49.9,131.3,40.5,18.2,64.8,140.3,142.9,41.2,15.9,57.8,59,73.8,78.3,47.7,53,99.9,103.6,44.1,46.5,12.5,14.6,52.1,56.6,100.9,100.3,103.2,102.4,37.7,39.1,13.9,16,-17.09497207
2020-05-01,112.8,100.2,86,79.6,88.6,81.8,80.4,107.2,82.5,150.1,50.5,20.4,93.8,147.1,149.9,62.9,37.1,62.1,62.5,91.6,95.7,77.5,78.2,115.6,114.3,53.5,54.2,14,17.3,76.2,82.2,105.6,107.4,108.1,110,57.6,59.3,32.5,32.1,-7.227615965