,Ativo Total,Ativo Circulante,Disponibilidades,Aplicações Interfinanceiras de Liquidez,Títulos e Valores Mobiliários,Relações Interfinanceiras,Relações Interdependências,Operações de Crédito,Operações de Arrendamento Mercantil,Outros Créditos,Outros Valores e Bens,Ativo Realizável a Longo Prazo,Aplicações Interfinanceiras de Liquidez.1,Títulos e Valores Mobiliários.1,Relações Interfinanceiras.1,Relações Interdependências.1,Operações de Crédito.1,Operações de Arrendamento Mercantil.1,Outros Créditos.1,Outros Valores e Bens.1,Ativo Permanente,Investimentos,Imobilizado de Uso,Imobilizado de Arrendamento,Intangível,Diferido,Passivo Total,Passivo Circulante,Depósitos,Captações no Mercado Aberto,Recursos de Aceites e Emissão de Títulos,Relações Interfinanceiras.2,Relações Interdependências.2,Obrigações por Empréstimos,Obrigações por Repasse do País,Obrigações por Repasse do Exterior,Outras Obrigações,Passivo Exigível a Longo Prazo,Depósitos.1,Captações no Mercado Aberto.1,Recursos de Aceites e Emissão de Títulos.1,Relações Interfinanceiras.3,Relações Interdependências.3,Obrigações por Empréstimos.1,Obrigações por Repasse do País.1,Obrigações por Repasse do Exterior.1,Outras Obrigações.1,Resultados de Exercícios Futuros,Part. de Acionistas Não Controladores,Patrimônio Líquido,Capital Social Realizado,Reservas de Capital,Reservas de Reavaliação,Reservas de Lucro,Ajustes de Avaliação Patrimonial,Lucros/Prejuízos Acumulados,Receitas da Intermediação Financeira,Despesas da Intermediação Financeira,Resultado Bruto Intermediação Financeira,Outras Despesas/Receitas Operacionais,Receitas de Prestação de Serviços,Despesas de Pessoal,Outras Despesas Administrativas,Despesas Tributárias,Outras Receitas Operacionais,Outras Despesas Operacionais,Resultado da Equivalência Patrimonial,Resultado Operacional,Resultado Não Operacional,Receitas,Despesas,Resultado Antes Tributação/Participações,Provisão para IR e Contribuição Social,IR Diferido,Participações/Contribuições Estatutárias,Reversão dos Juros sobre Capital Próprio,Part. de Acionistas Não Controladores.1,Lucro/Prejuízo do Período
2007-06-30,6160383.0,0.0,379789.0,5780594.0,0.0,0.0,137291.0,12848.0,0.0,0.0,1430.0,0.0,67164.0,0.0,0.0,,0.0,0.0,0.0,11209.0,165281.0,0.0,0.0,,379789.0,,6160383.0,242010.0,0.0,-42285.0,0.0,135431.0,46786.0,11209.0,0.0,,0.0,-41614.0,-1779.0,,0.0,0.00014852000000000002,,,-24956.0,,0.0,312625.0,,46777.0,46777.0,,-49912.0,-24956.0,0.0,0.00014852000000000002,21830.0,0.00014852000000000002,44998.0,21830.0,4.24e-05,-24956.0,-24956.0,44998.0,0.00014852000000000002,44998.0,0.00014852000000000002,44998.0,0.00014852000000000002,302976.91,0.0,302976.91,70275.0,,0.0,,,
2007-09-30,6722569.0,0.0,423492.0,6299077.0,0.0,0.0,140756.0,6638.0,0.0,0.0,1384.0,0.0,110867.0,0.0,0.0,,0.0,0.0,0.0,33840.0,168271.0,0.0,0.0,,423492.0,,6722569.0,248336.0,0.0,-43412.0,0.0,199828.0,47776.0,33840.0,0.0,,0.0,-39086.0,905.0,,0.0,0.00016067999999999999,,,-68379.0,,0.0,312625.0,,47778.0,47778.0,,-136758.0,-68379.0,0.0,0.00016067999999999999,-20603.0,0.00016067999999999999,48683.0,-20603.0,2.19e-05,-68379.0,-68379.0,48683.0,0.00016067999999999999,48683.0,0.00016067999999999999,48683.0,0.00016067999999999999,302976.91,0.0,302976.91,70927.0,,0.0,,,
2007-12-31,7142206.0,0.0,445135.0,6697071.0,26030.0,0.0,83581.0,9174.0,0.0,8739.0,1375.0,53099.0,123771.0,0.0,0.0,,0.0,0.0,0.0,29533.0,41426.0,0.0,0.0,,445135.0,,7142206.0,252012.0,0.0,-45601.0,7569.0,31605.0,53375.0,29533.0,0.0,,0.0,-40878.0,-15719.0,,0.0,0.00012426,,,17095.0,,0.0,312625.0,,53367.0,53367.0,,34190.0,17388.53,0.0,0.00012426,71680.0,0.00012728999999999998,37648.0,70470.0,3.03e-05,17095.0,17095.0,37648.0,0.00012426,37648.0,0.00012426,38564.47,0.00012728999999999998,302976.8,0.0,302976.8,3446.0,,0.0,,,
2008-03-31,8083858.0,0.0,473434.0,7610424.0,18311.0,0.0,216172.0,6677.0,0.0,8495.0,1339.0,56783.0,152314.0,0.0,0.0,,0.0,0.0,2805.0,38164.0,184894.0,0.0,0.0,,473434.0,,8083860.0,262374.0,0.0,-46393.0,0.0,41761.0,30953.0,38164.0,0.0,,0.0,-40587.0,4061.0,,0.0,0.00011556,,,8766.0,,0.0,312625.0,,30951.0,30951.0,,17532.0,8772.4,2.205e-05,0.00011556,39748.0,0.00011563,35012.0,39719.0,2.205e-05,8766.0,8766.0,35012.0,0.00011556,35012.0,0.00011556,35034.6,0.00011563,218610.41,84366.49,302976.91,0.0,,15115.0,,,
2008-06-30,9105720.0,0.0,501404.0,8604316.0,14676.0,0.0,229422.0,11196.0,0.0,8018.0,1288.0,57211.0,180761.0,0.0,0.0,,0.0,0.0,2691.0,39040.0,197958.0,0.0,0.0,,501404.0,,9105720.0,294076.0,0.0,-48378.0,0.0,53159.0,35788.0,39040.0,0.0,,0.0,-49857.0,3790.0,,0.0,0.00013062000000000002,,,-6947.0,,0.0,312625.0,,35785.0,35785.0,,-13894.0,-6945.95,3.695e-05,0.00013062000000000002,28844.0,0.00013063,39575.0,28841.0,3.695e-05,-6947.0,-6947.0,39575.0,0.00013062000000000002,39575.0,0.00013062000000000002,39576.95,0.00013063,218610.41,84366.49,302976.91,0.0,,16914.0,,,
2008-09-30,9262515.0,0.0,531054.0,8731461.0,16569.0,0.0,254909.0,8693.0,0.0,7950.0,1215.0,58538.0,86736.0,0.0,0.0,,0.0,0.0,2757.0,84109.0,220970.0,0.0,0.0,,531054.0,,9262515.0,302241.0,0.0,-50886.0,0.0,55384.0,31555.0,84109.0,0.0,,0.0,-42670.0,4781.0,,0.0,0.00011992,,,20792.0,,0.0,436368.0,,31553.0,31553.0,,41584.0,20792.4,2.855e-05,0.00011992,52348.0,0.00011993,36334.0,52347.0,2.855e-05,20792.0,20792.0,36334.0,0.00011992,36334.0,0.00011992,36334.6,0.00011993,218610.41,84366.49,302976.91,0.0,,16947.0,,,
2008-12-31,8524501.0,0.0,567369.0,7957132.0,20971.0,0.0,101857.0,12024.0,0.0,7881.0,1210.0,58638.0,123120.0,0.0,0.0,,0.0,0.0,3094.0,121832.0,51848.0,0.0,0.0,,567369.0,,8524501.0,391299.0,0.0,-53491.0,6754.0,39670.0,71952.0,121832.0,0.0,,0.0,-52611.0,-21585.0,,0.0,0.00016622999999999999,,,-376.0,,0.0,436368.0,,71949.0,71949.0,,-752.0,-376.0,3.985e-05,0.00016622999999999999,71576.0,0.00016622999999999999,50364.0,71576.0,3.985e-05,-376.0,-376.0,50364.0,0.00016622999999999999,50364.0,0.00016622999999999999,50364.0,0.00016622999999999999,218610.41,84366.49,302976.91,3482.0,,0.0,,,
2009-03-31,8438273.0,0.0,595143.0,7843130.0,15663.0,0.0,111623.0,8742.0,-4962.0,7708.0,1181.0,61543.0,151067.0,0.0,4962.0,,0.0,0.0,3398.0,103543.0,60237.0,0.0,0.0,,595143.0,,8438273.0,357061.0,11336.0,-54820.0,6374.0,60384.0,29807.0,103543.0,0.0,,1387.0,-40924.0,6743.0,,0.0,0.00012063,,,19748.0,,0.0,436368.0,,29804.0,29804.0,,39496.0,19748.0,2.885e-05,0.00012063,49555.0,0.00012063,36547.0,49555.0,2.885e-05,19748.0,19748.0,36547.0,0.00012063,36547.0,0.00012063,36547.0,0.00012063,218610.41,84366.49,302976.91,3434.0,,0.0,,,
2009-06-30,9770527.0,0.0,623915.0,9146612.0,10657.0,0.0,114715.0,9112.0,-5148.0,7640.0,1254.0,61788.0,179907.0,0.0,5148.0,,0.0,0.0,3579.0,100461.0,60656.0,0.0,0.0,,623915.0,,9770527.0,348332.0,11150.0,-57493.0,6002.0,64848.0,31236.0,100461.0,0.0,,1484.0,-44066.0,6648.0,,0.0,0.00012502,,,17770.0,,0.0,436368.0,,31231.0,31231.0,,35540.0,17770.0,2.985e-05,0.00012502,49006.0,0.00012502,37879.0,49006.0,2.985e-05,17770.0,17770.0,37879.0,0.00012502,37879.0,0.00012502,37879.0,0.00012502,218610.41,84366.49,302976.91,3434.0,,0.0,,,
2009-09-30,9272577.0,0.0,662872.0,8609705.0,13161.0,0.0,113749.0,8392.0,-5756.0,7571.0,1146.0,65701.0,218933.0,0.0,5756.0,,0.0,0.0,3582.0,104641.0,59535.0,0.0,0.0,,662872.0,,9272577.0,339078.0,11393.0,-57288.0,5637.0,78879.0,24124.0,104641.0,0.0,,1487.0,-45023.0,5655.0,,0.0,9.828e-05,,,16043.0,,0.0,436368.0,,24120.0,24120.0,,32086.0,16043.0,2.77e-05,9.828e-05,40167.0,9.828e-05,29775.0,40167.0,2.77e-05,16043.0,16043.0,29775.0,9.828e-05,29775.0,9.828e-05,29775.0,9.828e-05,218610.41,84366.49,302976.91,3074.0,,0.0,,,
2009-12-31,8944222.207999999,5520716.8,112571.0,2801414.912,394288.992,391032.992,1.0,1334397.0559999999,13264.0,451248.0,22499.0,3351080.96,0.0,1373757.9519999998,143811.008,0.0,1483815.04,116101.0,232920.0,676.0,72424.0,4019.0,63142.0,0.0,5263.0,0.0,8944222.207999999,6265588.223999999,3217787.9039999996,2371446.016,8576.0,3488.0,12324.0,232060.0,91003.0,0.0,328903.00800000003,2012332.032,1796971.0080000001,0.0,0.0,0.0,0.0,0.0,128643.0,0.0,86718.0,1063.0,125.0,665113.9839999999,436368.0,0.0,5974.0,223736.0,-964.0,0.0,325190.912,-225993.984,99196.992,-36306.992,41027.992,-47634.008,-46152.0,-13471.0,49694.0,-19771.992,0.0,62890.015999999996,6764.0,9320.0,-2556.0,69654.0,-11912.0,0.0,-4892.0,-25876.0,-12.0,26962.0
2010-03-31,9314923.52,5965197.824,120224.0,3003614.9760000003,531972.0,405755.008,64.0,1408041.9840000002,7305.0,465254.016,22967.0,3279834.1119999997,0.0,1248861.952,144526.0,0.0,1515225.9840000002,127189.0,243355.008,676.0,69892.0,4017.0,60970.0,0.0,4905.0,0.0,9314923.52,6726061.056,3128867.0719999997,2858464.0,11794.0,44741.0,4072.0,255420.0,93645.0,0.0,329057.984,1894606.976,1706905.9840000002,0.0,7604.0,0.0,0.0,0.0,93215.0,0.0,86882.0,1064.0,130.0,693062.016,436368.0,0.0,5917.0,223736.0,167.0,26874.0,271532.99199999997,-170864.992,100668.0,-49488.0,40601.0,-45416.0,-44460.0,-11738.0,52093.0,-40568.0,0.0,51180.0,-1588.0,384.0,-1972.0,49592.0,-19736.0,0.0,-3035.0,9907.0,-4.0,36724.0
2010-06-30,9174254.592,5806449.152000001,113685.0,2832169.9839999997,552993.024,425908.992,0.0,1428803.968,1376.0,419815.008,31697.0,3299347.9680000003,0.0,1234792.96,145544.0,0.0,1555352.96,129416.0,233566.0,676.0,68458.0,3882.0,60023.0,0.0,4553.0,0.0,9174254.592,6369537.024,3122812.9280000003,2507774.976,20081.0,59976.0,3793.0,228335.008,95346.0,0.0,331417.984,2083929.9840000002,1905426.9440000001,0.0,0.0,0.0,0.0,0.0,98325.0,0.0,80178.0,1235.0,132.0,719420.9920000001,436368.0,0.0,5706.0,278792.99199999997,-1446.0,0.0,293368.0,-170019.008,123349.0,-76825.0,43260.0,-50168.0,-47208.0,-12517.0,37294.0,-49268.0,1782.0,46524.0,-2.0,1903.0,-1905.0,46522.0,-15567.0,0.0,-2945.0,9907.0,-3.0,37914.0
2010-09-30,8999701.504,5506383.872,124367.0,2497646.08,590702.0160000001,473244.0,82.0,1392994.0480000002,6346.0,387876.0,33127.0,3423617.0239999997,0.0,1230775.04,149260.0,0.0,1670242.9440000001,124799.0,248019.008,521.0,69700.0,3875.0,61626.0,0.0,4199.0,0.0,8999701.504,6250717.183999999,3297575.936,2195464.96,26260.0,55759.0,5447.0,209436.992,113075.0,0.0,347697.984,1998796.032,1789543.936,0.0,1366.0,0.0,0.0,0.0,117754.0,0.0,90132.0,1010.0,134.0,749043.968,436368.0,0.0,5435.0,278792.99199999997,-1762.0,30210.0,305083.00800000003,-184794.0,120289.0,-71324.0,44861.0,-50752.0,-46100.0,-12189.0,40641.0,-47785.0,0.0,48965.0,6130.0,7407.0,-1277.0,55095.0,-21949.0,0.0,-3170.0,9907.0,-2.0,39881.0
2010-12-31,9405723.648,5954406.9120000005,120481.0,3010264.064,534735.0079999999,479241.984,0.0,1425484.032,5879.0,355368.0,22954.0,3293573.8880000003,0.0,1156215.04,144608.0,0.0,1611532.032,120277.0,259484.0,1458.0,157743.008,88542.0,64298.0,0.0,4903.0,0.0,9405723.648,6755527.168,3468924.9280000003,2625899.008,30050.0,3038.0,10867.0,199583.008,160468.0,0.0,256696.992,1857896.96,1644583.936,0.0,0.0,0.0,0.0,4179.0,100454.0,0.0,108680.0,1131.0,0.0,791169.0240000001,436368.0,0.0,5381.0,352551.008,-3131.0,0.0,275879.04,-135927.008,139952.0,-34496.0,61514.992,-41310.0,-40636.0,-8342.0,-79961.0,61336.992,12901.0,105456.0,2191.0,3326.0,-1135.0,107647.008,-20639.0,0.0,-4792.0,-29721.0,0.0,52504.008
2011-03-31,8812034.048,5431351.807999999,119807.0,2445324.0319999997,522199.008,500987.008,542.0,1403762.9440000001,60317.0,342652.992,35760.0,3220534.0160000003,0.0,1176716.0320000001,145720.992,0.0,1600807.04,58143.0,237479.008,1668.0,160148.0,90471.0,65135.0,0.0,4542.0,0.0,8812034.048,6049453.056,3599100.9280000003,1786094.976,37508.0,42534.0,4658.0,186584.992,130331.0,0.0,262640.99199999997,1948494.976,1762862.976,0.0,2139.0,0.0,0.0,3835.0,96609.0,0.0,83049.0,1205.0,0.0,812881.0240000001,436368.0,0.0,5303.0,352551.008,-1932.0,20591.0,292092.0,-170812.0,121280.0,-83570.0,47004.0,-47348.0,-46411.0,-10307.0,7846.0,-36599.0,2245.0,37710.0,-13.0,397.0,-410.0,37697.0,-14600.0,0.0,-2584.0,11787.0,0.0,32300.0
2011-06-30,9469034.496,6115741.183999999,124807.0,2992947.9680000003,526143.0079999999,516575.008,2.0,1501916.032,53047.0,367172.992,33130.0,3164819.9680000003,0.0,1170130.048,147279.008,0.0,1557484.032,57543.0,230914.0,1470.0,188474.0,92834.0,89051.0,0.0,6589.0,0.0,9469034.496,6580736.0,3754995.9680000003,2057409.024,44231.0,62103.0,8734.0,187936.992,163032.0,0.0,302294.016,2067427.968,1882071.04,0.0,0.0,0.0,0.0,3706.0,101984.0,0.0,79667.0,1317.0,0.0,819553.984,694000.0,0.0,5254.0,121643.0,-1343.0,0.0,297256.0,-209856.0,87400.0,-75380.0,48799.0,-50477.0,-47046.0,-11174.0,6287.0,-25271.0,3502.0,12020.0,-605.0,587.0,-1192.0,11415.0,-1463.0,0.0,-3868.0,11787.0,0.0,17871.0
2011-09-30,10302689.28,6962974.208,147919.008,3670268.9280000003,542190.0160000001,562624.0,12.0,1514124.032,52096.0,440344.992,33395.0,3151185.92,0.0,1186241.024,149118.0,0.0,1527248.0,59139.0,228022.0,1418.0,188528.992,92495.0,88595.0,0.0,7439.0,0.0,10302689.28,7315978.752,3843354.1119999997,2684598.0160000003,38752.0,58842.0,4800.0,242858.0,121654.0,0.0,321120.99199999997,2174988.0319999997,1953123.968,0.0,3928.0,0.0,0.0,3966.0,132767.0,0.0,81203.0,1313.0,0.0,810409.0240000001,694000.0,0.0,5200.0,121643.0,120.0,-10554.0,332550.016,-266798.0,65752.0,-78711.0,49604.0,-54222.0,-47728.0,-10636.0,7309.0,-22488.0,-550.0,-12959.0,-390.0,567.0,-957.0,-13349.0,4927.0,0.0,-2186.0,11787.0,0.0,1179.0
2011-12-31,10027608.064,6684652.032000001,169231.008,3412809.9839999997,538115.968,564822.976,54.0,1502263.04,49771.0,410672.992,36911.0,3154682.1119999997,0.0,1176391.936,149988.0,0.0,1535268.9919999999,57907.0,233672.0,1454.0,188274.0,92274.0,88973.0,0.0,7027.0,0.0,10027608.064,7092216.832,4077099.008,2247219.9680000003,41697.0,2419.0,13736.0,236660.992,171716.0,0.0,301668.99199999997,2098449.024,1918398.976,0.0,1468.0,0.0,0.0,5482.0,92693.0,0.0,80407.0,1386.0,0.0,835555.968,694000.0,0.0,5146.0,135899.008,511.0,0.0,325294.08,-199883.008,125411.008,-33894.0,50705.984000000004,-54098.992,-48806.015999999996,-12000.0,4945.0,25377.0,-17.0,91517.0,551.0,1051.0,-500.0,92068.0,-15641.0,0.0,-4524.0,-35361.0,0.0,36542.0
2012-03-31,11339225.088,7819631.103999999,163632.992,4636306.944,406931.008,581641.024,38.0,1564601.9840000002,48929.0,379121.984,38428.0,3331055.104,0.0,1441803.0080000001,71810.0,0.0,1499378.0480000002,50324.0,266204.99199999997,1535.0,188539.008,94327.0,87607.0,0.0,6605.0,0.0,11339225.088,8332599.807999999,4225740.032,3297110.0160000003,38229.0,57341.0,7301.0,216864.992,169204.0,0.0,320809.984,2167825.92,1986188.032,0.0,0.0,0.0,0.0,0.0,90693.0,0.0,90945.0,1430.0,0.0,837369.0240000001,694140.032,0.0,5092.0,135899.008,987.0,1251.0,318766.016,-233512.992,85253.0,-68553.0,48546.0,-51570.0,-49694.0,-11105.0,6672.0,-13900.0,2498.0,16700.0,82.0,910.0,-828.0,16782.0,-1335.0,0.0,-1802.0,0.0,0.0,13645.0
2012-06-30,11085292.544000002,7344530.944,195295.008,3818524.9280000003,512654.016,674958.9759999999,50.0,1615159.04,47506.0,445200.0,35183.0,3542230.0160000003,0.0,1642045.9519999998,41745.0,0.0,1521748.9919999999,44468.0,288867.00800000003,3355.0,198532.0,96693.0,87212.0,0.0,14627.0,0.0,11085292.544000002,7834876.927999999,4326005.76,2645366.016,32146.0,50430.0,7262.0,225672.0,171934.0,0.0,376060.992,2418055.9359999998,2213613.056,0.0,0.0,0.0,0.0,0.0,97255.0,0.0,107188.0,1405.0,0.0,830955.0079999999,694140.032,0.0,5037.0,130665.0,1113.0,0.0,310436.0,-232764.0,77672.0,-76199.0,50445.0,-56663.0,-51791.0,-12002.0,4361.0,-13678.0,3129.0,1473.0,-354.0,0.0,0.0,1119.0,6458.0,0.0,-1668.0,0.0,0.0,5909.0
2012-09-30,11189596.16,7444532.223999999,267687.00800000003,3922064.896,414348.992,629065.9839999999,0.0,1695004.032,47926.0,431608.0,36827.0,3544198.912,0.0,1654222.976,42458.0,0.0,1531847.04,40694.0,271751.00800000003,3226.0,200864.992,100736.0,85427.0,0.0,14702.0,0.0,11189596.16,7827717.12,4574794.752,2383653.8880000003,27472.0,73378.0,9017.0,244516.0,159571.008,0.0,355313.984,2507810.048,2303270.912,0.0,321.0,0.0,0.0,7015.0,97945.0,0.0,99258.0,1497.0,0.0,852572.032,694140.032,0.0,4983.0,130665.0,2298.0,20486.0,302596.99199999997,-173768.992,128828.0,-77508.0,51639.0,-58991.0,-52244.0,-12174.0,6182.0,-16727.0,4807.0,51320.0,750.0,1445.0,-695.0,52070.0,-14681.0,0.0,-5546.0,0.0,0.0,31843.0
2012-12-31,12308952.064000001,8642952.192,181066.0,5030441.984,456400.992,726366.016,4.0,1740329.9840000002,47013.0,426116.0,35214.0,3463141.12,0.0,1612156.032,43175.0,0.0,1500350.976,37554.0,266440.99199999997,3464.0,202859.008,103224.0,84563.0,0.0,15072.0,0.0,12308952.064000001,8596912.127999999,4783479.808,3006757.12,25118.0,3833.0,27037.0,221660.0,151544.0,0.0,377483.008,2837787.9039999996,2644992.0,0.0,0.0,0.0,0.0,8047.0,97898.0,0.0,86851.0,1679.0,0.0,872572.9920000001,694140.032,0.0,4929.0,169792.0,3712.0,0.0,295670.976,-170464.06399999998,125207.008,-83644.0,53332.0,-61078.0,-49479.008,-12547.0,5785.0,-23738.0,4081.0,41563.0,531.0,1706.0,-1529.0,42094.0,-7556.0,0.0,-4540.0,0.0,0.0,29998.0
2013-03-31,12847885.312,8113005.056,207143.008,4461130.752,523681.984,659176.0,55.0,1782452.9919999999,44637.0,401289.984,33438.0,4531225.088,0.0,2543357.952,46174.0,0.0,1532205.0559999999,35019.0,371836.0,2633.0,203655.008,105861.0,82375.0,0.0,15419.0,0.0,12847885.312,8849072.127999999,4803638.784,3276576.0,24003.0,68939.0,18774.0,218287.008,107192.0,0.0,331662.016,3244712.96,2618398.976,0.0,150823.008,0.0,0.0,5518.0,108304.0,0.0,361668.992,1690.0,0.0,752409.984,694140.032,0.0,4875.0,169792.0,-136219.008,19822.0,303828.0,-187946.0,115882.0,-68742.0,48735.0,-60857.0,-48874.0,-11796.0,12448.0,-12137.0,3739.0,47140.0,-919.0,1267.0,-2186.0,46221.0,-13167.0,0.0,-2487.0,0.0,0.0,30567.0
2013-06-30,13554933.76,9002603.52,255092.992,5023525.888,725824.0,691100.032,287.0,1781089.024,52228.0,446284.992,27172.0,4348396.032,0.0,2364879.872,49023.0,0.0,1582416.0,22239.0,327280.99199999997,2557.0,203934.0,105933.0,82895.0,0.0,15106.0,0.0,13554933.76,9767857.152,4999732.223999999,3923751.936,11705.0,63085.0,7530.0,243748.992,147404.992,0.0,370899.008,2931595.008,2436649.984,0.0,167884.992,0.0,0.0,5255.0,121174.0,0.0,200631.008,1466.0,0.0,854016.0,694140.032,0.0,4821.0,198360.0,-43305.0,0.0,332444.99199999997,-239047.008,93398.0,-75755.0,54366.0,-60514.0,-51115.0,-13161.0,5393.0,-12053.0,1329.0,17643.0,8550.0,0.0,0.0,26193.0,-2713.0,0.0,-3989.0,0.0,0.0,19491.0
2013-09-30,14033261.568,8914587.648,252324.0,4241420.032,1349624.064,740518.9759999999,9.0,1833472.0,39492.0,431936.0,25792.0,4910863.8719999995,0.0,2857526.0160000003,51833.0,0.0,1626980.9919999999,27552.0,342103.008,4869.0,207810.0,109098.0,81543.0,0.0,17169.0,0.0,14033261.568,9944734.72,5183864.8319999995,3834159.104,44321.0,113006.0,9150.0,235372.0,129019.0,0.0,395843.008,3184875.008,2690732.0319999997,0.0,159795.008,0.0,0.0,5381.0,136066.0,0.0,192900.992,1733.0,0.0,901918.9759999999,725120.0,0.0,4766.0,198360.0,-43417.0,17090.0,358791.008,-246750.0,112041.0,-70615.0,57947.0,-62166.0,-48598.0,-12953.0,6130.0,-15158.0,4183.0,41426.0,938.0,1694.0,-756.0,42364.0,-11285.0,0.0,-3245.0,0.0,0.0,27834.0
2013-12-31,13928556.544000002,8376397.824,234707.008,3429025.0239999997,1187854.976,1155842.9440000001,2.0,1818512.0,38784.0,492164.992,19505.0,5343248.896000001,0.0,3243600.896,55551.0,0.0,1700745.9840000002,30926.0,307752.99199999997,4672.0,208910.0,113595.0,78386.0,0.0,16929.0,0.0,13928556.544000002,10073478.144,5371923.967999999,3734606.08,75486.0,4354.0,42311.0,265360.99199999997,203988.992,0.0,375447.008,2885650.9439999997,2440980.992,0.0,159964.0,0.0,0.0,7625.0,148612.0,0.0,128469.0,1744.0,0.0,967683.968,725702.016,0.0,4712.0,231790.0,5480.0,0.0,392343.04,-268215.04,124127.96800000001,-74196.0,59480.992,-65477.008,-52302.992,-13573.0,8265.0,-16192.0,5603.0,49931.992,-2776.0,3548.0,2226.0,47156.0,-8270.0,0.0,-6834.0,0.0,0.0,32052.0
2014-03-31,14479137.792000001,8432369.152,296943.00800000003,3636666.88,1241308.0320000001,795884.032,0.0,1896987.0080000001,36017.0,509417.984,19145.0,5837790.208,0.0,3554416.128,57301.0,0.0,1797713.024,27193.0,396520.0,4647.0,208979.008,117169.0,75461.0,0.0,16349.0,0.0,14479137.792000001,10529991.68,5597898.752,3720376.064,267350.0,105796.0,15953.0,281228.99199999997,161876.0,0.0,379512.992,2958436.0960000004,2661207.04,0.0,150.0,0.0,0.0,10731.0,162814.0,0.0,123534.0,1686.0,0.0,989024.0,725702.016,0.0,4658.0,231790.0,5197.0,21677.0,399024.992,-273900.0,125125.0,-75394.0,57105.0,-63449.0,-50301.0,-13595.0,12931.0,-22685.0,4600.0,49731.0,281.0,0.0,0.0,50012.0,-15538.0,0.0,-3851.0,0.0,0.0,30623.0
2014-06-30,14737174.527999999,8410835.968,288609.984,3828155.9039999996,1092819.9679999999,828129.984,32.0,1854873.9840000002,16947.0,478420.992,22846.0,6117321.216,0.0,3801300.992,58383.0,0.0,1785272.064,39067.0,428711.008,4587.0,209018.0,121278.0,71971.0,0.0,15769.0,0.0,14737174.527999999,10858587.136,5686136.832,3914019.0719999997,296678.016,120480.0,22797.0,258860.0,171198.0,0.0,388417.984,2860992.0,2534358.016,0.0,0.0,0.0,0.0,9699.0,155051.008,0.0,161884.0,1553.0,0.0,1016043.0079999999,725702.016,0.0,4603.0,285631.00800000003,107.0,0.0,432512.0,-308544.99199999997,123967.0,-78686.0,61686.0,-66378.0,-49075.0,-15070.0,8178.0,-23807.0,5780.0,45281.0,937.0,1804.0,-867.0,46218.0,-4354.0,0.0,-4707.0,0.0,0.0,37157.0
2014-09-30,15594645.504,8811170.816,191296.992,4873871.8719999995,553576.0,784524.032,11.0,1840162.9440000001,28134.0,512814.016,26780.0,6566228.992000001,0.0,4245178.112,59718.0,0.0,1834550.0159999998,23329.0,399043.008,4411.0,217244.992,126169.0,72493.0,0.0,18583.0,0.0,15594645.504,11563212.8,5764891.136,4524228.096,309161.984,67307.0,21167.0,287700.99199999997,187060.0,0.0,401696.992,2988609.0239999997,2578642.944,0.0,81877.0,0.0,0.0,9922.0,151244.992,0.0,166922.0,1776.0,0.0,1041046.9759999999,725702.016,0.0,4549.0,285631.00800000003,125.0,25040.0,466340.992,-333004.99199999997,133336.0,-80998.0,65446.0,-72925.0,-52855.0,-17789.0,9494.0,-17290.0,4921.0,52338.0,998.0,1139.0,-141.0,53336.0,-12940.0,0.0,-6410.0,0.0,0.0,33986.0
2014-12-31,14929593.344,7914822.143999999,168322.0,3801615.872,773427.968,804465.0240000001,0.0,1761145.9840000002,24938.0,559542.0160000001,21365.0,6795439.103999999,0.0,4482978.816000001,61449.0,0.0,1849122.9440000001,18960.0,378872.0,4056.0,219332.0,128913.0,72454.0,0.0,17965.0,0.0,14929593.344,10987253.76,5991294.976,3701955.0719999997,275055.00800000003,5245.0,22229.0,306060.0,262076.992,0.0,423337.984,2878865.92,2395578.88,0.0,166168.0,0.0,0.0,8944.0,150040.992,0.0,158134.0,1779.0,0.0,1061694.0159999998,725702.016,0.0,4495.0,331659.00800000003,-162.0,0.0,485619.968,-361083.008,124536.992,-83054.992,67154.016,-73708.0,-54426.992,-15197.0,9945.0,-22040.0,5218.0,41482.0,2791.0,3453.0,-381.0,44273.008,-3311.0,0.0,-9028.0,0.0,0.0,31934.0
2015-03-31,15724925.952,8502118.912,209379.008,4338696.192,783180.032,804795.0079999999,0.0,1768376.96,22169.0,549976.0,25547.0,7000357.887999999,0.0,4665488.896000001,62855.0,0.0,1828896.0,16298.0,422724.0,4096.0,222448.992,135527.008,69564.0,0.0,17358.0,0.0,15724925.952,11237601.28,6206103.04,3916966.912,91424.0,57742.0,10174.0,346708.0,208254.0,0.0,400228.992,3395169.0239999997,2616724.992,0.0,440647.008,0.0,0.0,9349.0,152224.0,0.0,176224.0,1702.0,0.0,1090454.0159999998,725702.016,0.0,4441.0,331659.00800000003,-279.0,28931.0,489588.992,-347742.016,141847.008,-82070.0,62833.0,-71086.0,-52104.0,-15518.0,8707.0,-21559.0,6657.0,59777.0,84.0,541.0,-457.0,59861.0,-16557.0,0.0,-4527.0,0.0,0.0,38777.0
2015-06-30,16068216.832,8656095.232,192168.992,4100448.0,804390.016,1286817.024,0.0,1639271.936,20864.0,575080.0,37055.0,7184545.792,0.0,4858371.072,68978.0,0.0,1825035.0080000001,13109.0,413752.992,5300.0,227576.0,139120.0,69117.0,0.0,19339.0,0.0,16068216.832,11495428.095999999,6166127.103999999,4124103.936,179488.0,77980.0,8645.0,321132.99199999997,198846.0,0.0,419104.992,3454714.88,2726316.0319999997,0.0,391126.016,0.0,0.0,7753.0,141988.992,0.0,187531.008,1611.0,0.0,1116462.976,1015000.0,0.0,4386.0,97416.0,-339.0,0.0,542152.0,-391777.984,150374.0,-88735.0,64423.0,-76990.0,-52871.0,-15928.0,9067.0,-23283.0,6847.0,61639.0,319.0,626.0,-307.0,61958.0,-6676.0,0.0,-11686.0,0.0,0.0,43596.0
2015-09-30,17733959.68,10219184.127999999,203276.0,6302839.807999999,771516.9920000001,692824.0,0.0,1513996.032,17490.0,680272.0,36969.0,7234080.767999999,0.0,4918031.8719999995,71150.0,0.0,1835105.024,11919.0,393192.0,4683.0,280696.0,145104.0,113531.0,0.0,22061.0,0.0,17733959.68,13206079.488,6037645.824,5713172.992000001,359849.984,73345.0,12118.0,370185.984,165328.992,0.0,474432.0,3382870.0160000003,2759430.912,0.0,289219.00800000003,0.0,0.0,7070.0,132708.0,0.0,194442.0,1622.0,0.0,1143389.952,1015000.0,0.0,4204.0,97416.0,-788.0,27558.0,589249.024,-483967.008,105282.0,-90524.0,65591.0,-77183.0,-58866.0,-15024.0,8376.0,-19557.0,6139.0,14758.0,895.0,1015.0,-120.0,15653.0,28747.0,0.0,-4893.0,0.0,0.0,39507.0
2015-12-31,17987102.72,10033335.296,253608.0,6373298.176,610670.976,672316.032,0.0,1396417.024,15160.0,645686.0160000001,66179.0,7673312.767999999,0.0,5401494.016,72793.0,0.0,1796233.9840000002,9535.0,387571.008,5686.0,280454.016,148252.992,107412.0,0.0,24789.0,0.0,17987102.72,13419925.504,6022943.232000001,5952031.232000001,380616.992,5065.0,21103.0,332636.99199999997,247300.0,0.0,458230.016,3404920.064,2802894.08,0.0,262400.99199999997,0.0,0.0,5285.0,125664.0,0.0,208676.0,1711.0,0.0,1160545.024,1015000.0,0.0,4173.0,141988.0,-616.0,0.0,624171.0079999999,-486505.984,137664.992,-102939.984,64760.992,-80291.024,-60135.008,-16078.0,8785.0,-26379.0,6397.0,34725.008,467.0,1041.0,-574.0,35192.0,-977.0,0.0,-5234.0,0.0,0.0,28980.992000000002
2016-03-31,19034472.448,10415077.376,213848.0,6847661.056,638561.024,674241.984,0.0,1412082.9440000001,12827.0,554489.9839999999,61365.0,8334553.0879999995,0.0,6015601.152000001,74308.0,0.0,1808280.064,7343.0,424148.0,4873.0,284840.99199999997,157171.008,102826.0,0.0,24844.0,0.0,19034472.448,14095117.312,5892277.76,6574750.208,661862.976,57570.0,8077.0,271124.0,189066.0,0.0,440388.992,3753166.08,3418884.0960000004,0.0,0.0,0.0,0.0,4644.0,114799.0,0.0,214839.008,1679.0,0.0,1184509.0559999999,1015000.0,0.0,4152.0,141988.0,-935.0,24304.0,649342.0160000001,-508169.984,141172.0,-82134.0,64453.0,-79853.0,-58597.0,-15658.0,18141.0,-19637.0,9017.0,59038.0,55.0,841.0,-786.0,59093.0,-15964.0,0.0,-4746.0,0.0,0.0,38383.0
2016-06-30,18486822.912,9640543.232,199139.008,6140889.0879999995,718984.0,637008.0,0.0,1378529.024,10908.0,493464.992,61621.0,8548704.768,0.0,6178961.92,75818.0,0.0,1820310.0159999998,7961.0,460748.0,4906.0,297574.016,166091.008,98654.0,0.0,32829.0,0.0,18486822.912,13854865.408,6378373.12,5847074.816000001,691910.016,75097.0,40890.0,202008.0,187220.992,0.0,432291.008,3416716.0319999997,3081428.992,0.0,0.0,0.0,0.0,2702.0,103193.0,0.0,229392.0,2802.0,0.0,1212439.04,1015000.0,0.0,4130.0,193511.008,-202.0,0.0,657833.024,-509662.016,148171.008,-83648.0,66375.0,-82017.0,-59534.0,-15470.0,12194.0,-19733.0,14537.0,64523.0,622.0,922.0,-300.0,65145.0,-8227.0,0.0,-10621.0,0.0,0.0,46297.0
2016-09-30,23676801.024,14716005.375999998,229964.0,11559568.384000001,404547.008,632379.0079999999,880.0,1325398.0159999998,8599.0,487412.992,67257.0,8662234.112,0.0,6302279.168,77436.0,0.0,1800249.9840000002,6617.0,470870.016,4782.0,298560.99199999997,171363.008,95168.0,0.0,32030.0,0.0,23676801.024,18815051.776,6249020.927999999,11032288.256,675910.9759999999,78597.0,38144.0,206663.008,93375.0,0.0,441052.992,3624014.08,3276273.92,0.0,13011.0,0.0,0.0,2784.0,92761.0,0.0,239184.0,4903.0,0.0,1232830.976,1015000.0,0.0,4109.0,193511.008,618.0,19593.0,729545.984,-578856.0,150690.0,-97389.0,67717.0,-80266.0,-64349.0,-15489.0,7740.0,-18039.0,5297.0,53301.0,-695.0,857.0,-1552.0,52606.0,-13664.0,0.0,-5270.0,0.0,0.0,33672.0
2016-12-31,25437947.904,16272782.336,212374.0,13059861.504,576025.024,615790.0160000001,0.0,1190290.048,6718.0,526595.0079999999,85129.0,8867442.688,17277.0,6451259.904,79006.0,0.0,1881430.0159999998,5660.0,428384.0,4426.0,297721.984,175000.0,91238.0,0.0,31484.0,0.0,25437947.904,20219207.68,5946473.984,12778644.48,640081.024,5344.0,50162.0,201220.0,146108.992,0.0,451172.992,3951915.008,3478861.0560000003,0.0,151640.992,0.0,0.0,2623.0,88807.0,0.0,229983.008,4504.0,0.0,1262321.024,1015000.0,0.0,4088.0,242028.0,1205.0,0.0,876634.1120000001,-715878.016,160756.0,-95205.008,69204.0,-97900.0,-64268.0,-17138.0,29629.0,-21190.0,6458.0,65550.992,1311.0,1444.0,-133.0,66862.0,-12956.0,0.0,-10903.0,0.0,0.0,43003.008
2017-03-31,20881963.008,11839738.88,175828.992,8092929.024,1120173.0559999999,722038.016,22.0,1138583.04,5689.0,498700.0,85776.0,8731516.928,10000.0,6245766.143999999,80462.0,0.0,1976258.9440000001,4764.0,410163.008,4103.0,310708.99199999997,180972.0,97952.0,0.0,31785.0,0.0,20881963.008,14982899.712000001,5758666.24,8093822.976,322097.984,60542.0,27097.0,154411.008,126264.0,0.0,439999.008,4608066.048,3968944.128,0.0,325956.99199999997,0.0,0.0,399.0,84614.0,0.0,228152.0,3882.0,0.0,1287117.0559999999,1015000.0,0.0,4067.0,242028.0,2548.0,23474.0,787024.0,-643617.9839999999,143406.0,-83181.0,65227.0,-83845.0,-60200.0,-15516.0,20865.0,-15694.0,5982.0,60225.0,1154.0,1649.0,-495.0,61379.0,-17748.0,0.0,-5178.0,0.0,0.0,38453.0
2017-06-30,20717703.167999998,11411322.88,162752.0,7128757.76,1167212.0320000001,1146739.9679999999,62.0,1121314.048,4735.0,592593.9839999999,87156.0,8995300.352,0.0,6605515.776000001,81743.0,0.0,2014224.0,4057.0,285830.016,3930.0,311080.0,185200.992,94074.0,0.0,31805.0,0.0,20717703.167999998,13956972.544000002,5462956.032000001,7419484.16,208638.0,73026.0,28110.0,175532.0,129673.0,0.0,459553.984,5405279.232000001,4670167.04,0.0,484720.992,0.0,0.0,0.0,77034.0,0.0,173356.992,3924.0,0.0,1351527.04,1015000.0,0.0,4045.0,294356.0,38126.0,0.0,625340.032,-453944.992,171395.008,-103793.0,69591.0,-87984.0,-60569.0,-16360.0,9922.0,-25678.0,7285.0,67602.0,50.0,1076.0,-1026.0,67652.0,-12974.0,0.0,-8371.0,0.0,0.0,46307.0
2017-09-30,22092488.704,13676827.648,175080.992,8075952.128,2832838.912,717409.0240000001,0.0,1137687.04,5119.0,653457.9839999999,79283.0,8090849.792,0.0,5711751.168,83041.0,0.0,2073149.9519999998,6267.0,212792.0,3849.0,324809.984,198346.0,91363.0,0.0,35101.0,0.0,22092488.704,14948208.64,5308703.744,8793829.376,6074.0,131170.0,25934.0,177564.992,90270.0,0.0,414663.008,5754647.04,4805124.096,0.0,711422.016,0.0,0.0,0.0,73681.0,0.0,164420.0,4387.0,0.0,1385245.0559999999,1015000.0,0.0,4024.0,294356.0,47405.0,24460.0,613496.0,-455078.016,158418.0,-94584.0,71494.0,-87328.0,-63084.0,-16095.0,6330.0,-18869.0,12968.0,63834.0,-1768.0,0.0,0.0,62066.0,-15308.0,0.0,-7319.0,0.0,0.0,39439.0
2017-12-31,22590799.871999998,13904806.912,150168.0,8112087.04,2706752.0,1145805.952,0.0,1097673.9840000002,5179.0,613656.0,73485.0,8355267.072000001,0.0,5868058.112000001,84267.0,0.0,2132228.992,6655.0,260160.0,3898.0,330724.99199999997,200324.0,90864.0,0.0,39537.0,0.0,22590799.871999998,15645353.984000001,5312501.248,9511299.072,3656.0,94760.0,34020.0,166648.0,95421.0,0.0,427048.992,5547342.847999999,4599832.063999999,0.0,723590.9759999999,0.0,0.0,0.0,77669.0,0.0,146251.008,4664.0,0.0,1393437.9519999998,1015000.0,0.0,4003.0,354854.016,19581.0,0.0,647701.12,-453944.96,193755.968,-112182.016,76543.008,-94137.024,-66010.016,-18322.0,2149.0,-19577.0,7172.0,81574.016,5483.0,5016.0,-1301.0,87056.992,-21570.0,0.0,-14470.0,0.0,0.0,51017.0
2018-03-31,19403468.8,12517229.568,174692.0,5635564.032000001,4016093.952,821158.016,1.0,1182832.0,4820.0,608014.976,74054.0,6564641.792,75028.0,3999713.0239999997,85496.0,0.0,2117933.952,6073.0,276588.0,3810.0,321595.00800000003,190736.992,88433.0,0.0,42425.0,0.0,19403468.8,12362701.824000001,5424266.24,6104605.183999999,4046.0,142560.992,27257.0,156590.0,84402.0,0.0,418975.008,5642324.992000001,4708507.136,0.0,697499.0079999999,0.0,0.0,0.0,82174.0,0.0,154144.992,4698.0,0.0,1393741.9519999998,1015000.0,0.0,3982.0,354854.016,9424.0,10482.0,544382.976,-386948.0,157435.008,-106978.0,72859.0,-82187.0,-63329.0,-17368.0,4077.0,-27413.0,6383.0,50457.0,3947.0,4423.0,-476.0,54404.0,-27463.0,0.0,-3580.0,0.0,0.0,23361.0
2018-06-30,23343196.16,15795412.992,185192.992,8561217.024,4082224.896,1016483.0079999999,0.0,1210017.024,4426.0,651235.968,84616.0,7284178.944,0.0,4794569.216,81882.0,0.0,2115096.0640000002,5398.0,283499.00800000003,3735.0,263604.99199999997,130643.0,88355.0,0.0,44607.0,0.0,23343196.16,16005331.968,5499248.128,9642919.936,4054.0,144748.992,34153.0,161692.0,73376.0,0.0,445140.0,5920930.816000001,5036372.992,0.0,671377.0240000001,0.0,0.0,0.0,80164.0,0.0,133017.0,4419.0,0.0,1412514.9440000001,1015000.0,0.0,3961.0,399592.992,-6039.0,0.0,483303.008,-290143.00800000003,193160.0,-100112.0,77604.0,-84439.0,-62951.0,-19357.0,6771.0,-22493.0,4753.0,93048.0,2413.0,2766.0,-353.0,95461.0,-30184.0,0.0,-7434.0,0.0,0.0,57843.0
2018-09-30,28645308.415999997,18949103.616,215358.0,13713088.512,2297974.016,749414.9759999999,0.0,1211300.992,4012.0,678876.032,79079.0,9423624.192,0.0,6876668.927999999,83146.0,0.0,2180177.92,4680.0,275020.99199999997,3930.0,272582.016,139240.0,83799.0,0.0,49543.0,0.0,28645308.415999997,21261109.248,5886355.967999999,14459291.648,9218.0,157620.992,33512.0,158216.0,88539.0,0.0,468356.0,5938642.944,5069264.896000001,0.0,642184.0,0.0,0.0,0.0,74668.0,0.0,152526.0,4872.0,0.0,1440684.032,1015000.0,0.0,3940.0,399592.992,-6072.0,28223.0,549795.0079999999,-356423.008,193372.0,-99887.0,81849.0,-84823.0,-62715.0,-17914.0,3166.0,-28157.0,8707.0,93485.0,-902.0,2256.0,-3158.0,92583.0,-25548.0,0.0,-11933.0,0.0,0.0,55102.0
2018-12-31,27752359.936,17949788.16,182162.0,12659266.56,2465443.0719999997,695068.032,1.0,1258989.0559999999,3773.0,600659.968,84424.0,9520949.248,120831.0,6845166.08,84444.0,0.0,2162334.976,3931.0,302036.99199999997,2205.0,281624.0,146240.992,80431.0,0.0,54952.0,0.0,27752359.936,20686444.544,5918383.103999999,13807041.535999998,109757.0,190771.008,50322.0,116620.0,78992.0,0.0,414556.0,5569696.767999999,4830988.8,0.0,519358.016,29.0,0.0,0.0,66514.0,0.0,152807.008,4207.0,0.0,1492013.0559999999,1015000.0,0.0,4021.0,453688.0,19304.0,0.0,593879.04,-421170.04799999995,172708.992,-100811.96800000001,85017.984,-88656.992,-66593.984,-17811.0,3670.0,-27160.0,10722.0,71897.024,-695.0,319.0,-1014.0,71201.984,-4560.0,0.0,-21893.0,0.0,0.0,44749.008
2019-03-31,25417652.224,14310566.912,216974.0,10872766.464000002,697272.0,682211.0079999999,0.0,1233069.0559999999,3565.0,519304.992,85405.0,10841145.344,152608.992,8103696.896000001,85745.0,0.0,2188122.88,3339.0,305755.00800000003,1877.0,265940.0,134217.0,74143.0,0.0,57580.0,0.0,25417652.224,18035656.704,5911409.152000001,11107317.76,254676.992,236142.0,27271.0,57903.0,73122.0,0.0,367812.992,5854723.072000001,5288459.776000001,0.0,348700.0,32.0,0.0,0.0,61980.0,0.0,155551.008,3782.0,0.0,1523491.968,1015000.0,0.0,3998.0,453688.0,6917.0,43889.0,557707.0079999999,-363403.008,194304.0,-101615.0,80708.0,-85514.0,-64402.0,-18791.0,5355.0,-25913.0,6942.0,92689.0,361.0,857.0,-496.0,93050.0,-23725.0,0.0,-5959.0,0.0,0.0,63366.0
2019-06-30,27799283.711999997,16038523.904000001,201940.0,12414294.015999999,689260.032,841056.0,0.0,1274151.04,3294.0,528441.9839999999,86087.0,11496112.127999999,154602.0,8689174.527999999,87050.0,0.0,2262808.0640000002,2811.0,297670.016,1996.0,264648.0,138818.0,67925.0,0.0,57905.0,0.0,27799283.711999997,19575230.464,6129809.92,12293585.92,363816.0,251386.0,22308.0,60043.0,68469.0,0.0,385812.0,6688803.84,6253145.0879999995,0.0,217087.008,31.0,0.0,0.0,58703.0,0.0,159838.0,4343.0,0.0,1530907.0080000001,1015000.0,0.0,3975.0,506392.0,5540.0,0.0,540065.9839999999,-379606.016,160460.0,-97268.0,86740.0,-84612.0,-66321.0,-18667.0,4090.0,-26698.0,8200.0,63192.0,89.0,841.0,-752.0,63281.0,-8060.0,0.0,-9594.0,0.0,0.0,45627.0
2019-09-30,24096935.936,13535095.808,231554.0,8688029.696,1992167.04,719974.9759999999,468.0,1257171.9679999999,2993.0,555795.968,86941.0,10235208.704,156451.008,7443922.944,88389.0,0.0,2248366.08,2265.0,294278.016,1537.0,326631.00800000003,143818.0,121794.0,0.0,61019.0,0.0,24096935.936,16782810.112,6207332.864,9172217.856,508260.992,322104.99199999997,18732.0,61233.0,49812.0,0.0,443116.0,5741254.143999999,5497171.967999999,0.0,40485.0,37.0,0.0,0.0,54442.0,0.0,149118.0,4651.0,0.0,1568221.0559999999,1015000.0,0.0,3953.0,506392.0,4196.0,38680.0,552331.0079999999,-374707.008,177624.0,-91018.0,88503.0,-84897.0,-70120.0,-18787.0,13946.0,-26474.0,6811.0,86606.0,3.0,1390.0,-1387.0,86609.0,-22246.0,0.0,-6205.0,0.0,0.0,58158.0
2019-12-31,23560620.031999998,12321976.32,253326.0,7400480.767999999,2005107.968,692094.9759999999,248.0,1277735.04,2756.0,582748.032,107479.0,10915231.744,31356.0,8196616.192000001,89780.0,0.0,2281639.9359999998,1682.0,313033.984,1124.0,323411.00800000003,141122.0,117722.0,0.0,64567.0,0.0,23560620.031999998,16425781.248,6442162.176,8750350.336000001,440812.992,235339.008,35715.0,49321.0,64766.0,0.0,407315.008,5521922.0479999995,5256778.24,0.0,1015.0,34.0,0.0,0.0,36922.0,0.0,227172.992,4554.0,0.0,1608361.9840000002,1295000.064,0.0,3833.0,285460.0,24069.0,0.0,472052.992,-283885.05600000004,188168.032,-149726.016,90141.984,-90839.024,-74219.024,-19121.0,6937.0,-70366.008,7740.0,38441.984,-2440.0,827.0,-3267.0,36002.016,33823.0,0.0,-23238.0,0.0,0.0,46586.992
2020-03-31,27052027.904,15339791.36,264268.99199999997,10116882.432,2216627.9680000003,714444.032,157.0,1364971.0080000001,2679.0,553923.968,105837.0,11395888.127999999,173382.0,8245538.816000001,91139.0,0.0,2498565.8880000003,1041.0,385100.992,1120.0,316348.0,141164.992,58336.0,0.0,116847.0,0.0,27052027.904,19190775.808,7052091.904,11008481.28,294249.984,254212.0,19692.0,56568.0,56259.0,0.0,449223.008,6301307.904,6062910.976,0.0,280.0,25.0,0.0,0.0,35263.0,0.0,202828.992,4281.0,0.0,1555661.0559999999,1295000.064,0.0,3812.0,285460.0,-91045.0,62434.0,484072.992,-237472.992,246600.0,-105242.0,84357.0,-86661.0,-71023.0,-21141.0,6773.0,-27080.0,9533.0,141358.0,654.0,900.0,-246.0,142012.0,-42497.0,0.0,-17002.0,0.0,0.0,82513.0
