,Ativo Total,Ativo Circulante,Caixa e Equivalentes de Caixa,Aplicações Financeiras,Contas a Receber,Estoques,Ativos Biológicos,Tributos a Recuperar,Despesas Antecipadas,Outros Ativos Circulantes,Ativo Realizável a Longo Prazo,Aplicações Financeiras Avaliadas a Valor Justo,Aplicações Financeiras Avaliadas ao Custo Amortizado,Contas a Receber.1,Estoques.1,Ativos Biológicos.1,Tributos Diferidos,Despesas Antecipadas.1,Créditos com Partes Relacionadas,Outros Ativos Não Circulantes,Investimentos,Imobilizado,Intangível,Diferido,Passivo Total,Passivo Circulante,Obrigações Sociais e Trabalhistas,Fornecedores,Obrigações Fiscais,Empréstimos e Financiamentos,Passivos com Partes Relacionadas,Dividendos e JCP a Pagar,Outros,Provisões,Passivos sobre Ativos Não-Correntes a Venda e Descontinuados,Passivo Não Circulante,Empréstimos e Financiamentos.1,Passivos com Partes Relacionadas.1,Outros.1,Tributos Diferidos.1,Adiantamento para Futuro Aumento Capital,Provisões.1,Passivos sobre Ativos Não-Correntes a Venda e Descontinuados.1,Lucros e Receitas a Apropriar,Participação dos Acionistas Não Controladores,Patrimônio Líquido,Capital Social Realizado,Reservas de Capital,Reservas de Reavaliação,Reservas de Lucros,Lucros/Prejuízos Acumulados,Ajustes de Avaliação Patrimonial,Ajustes Acumulados de Conversão,Outros Resultados Abrangentes,Adiantamento para Futuro Aumento Capital.1
2001-12-31,307231000.0,129158000.0,4082000.0,,54710000.0,59344000.0,,0.0,0.0,0.0,0.0,,,,,,,14049000.0,,129078000.0,1697000.0,55835000.0,-17317000.0,,307231000.0,142210000.0,2231000.0,1173000.0,0.0,7775000.0,0.0,,240683000.0,0.0,,0.0,-764000.0,,6908000.0,67000.0,,0.0,,,2231000.0,66548000.0,82017000.0,,0.0,3247000.0,0.0,0.0,,,
2002-03-31,309128000.0,134499000.0,8782000.0,,63227000.0,61451000.0,,0.0,0.0,0.0,0.0,,,,,,,14930000.0,,128574000.0,1697000.0,56836000.0,-15567000.0,,309128000.0,140785000.0,2239000.0,1226000.0,0.0,1039000.0,0.0,,244694000.0,0.0,,0.0,-1457000.0,,14479000.0,53000.0,,0.0,,,2239000.0,64434000.0,82017000.0,,0.0,0.0,0.0,0.0,,,
2002-06-30,333317000.0,148511000.0,9475000.0,,68391000.0,69783000.0,,0.0,0.0,0.0,0.0,,,,,,,20917000.0,,134975000.0,1907000.0,73837000.0,-15374000.0,,333317000.0,155140000.0,2267000.0,1259000.0,0.0,862000.0,0.0,,282505000.0,0.0,,0.0,-6057000.0,,23444000.0,191000.0,,0.0,,,2267000.0,50812000.0,82017000.0,,0.0,0.0,0.0,0.0,,,
2002-09-30,381440000.0,179767000.0,12766000.0,,86871000.0,79447000.0,,0.0,0.0,0.0,0.0,,,,,,,14920000.0,,158854000.0,2010000.0,93962000.0,-18592000.0,,381440000.0,183247000.0,3247000.0,1311000.0,0.0,683000.0,0.0,,366477000.0,0.0,,0.0,-12520000.0,,30407000.0,33000.0,,0.0,,,3247000.0,14963000.0,82017000.0,,0.0,0.0,0.0,0.0,,,
2002-12-31,362608000.0,173751000.0,6170000.0,,70071000.0,84931000.0,,7239000.0,0.0,0.0,0.0,,,,,,,11016000.0,,152726000.0,1733000.0,74916000.0,-24270000.0,,362608000.0,178926000.0,3595000.0,1314000.0,0.0,3034000.0,0.0,,319548000.0,0.0,,0.0,-3270000.0,,9458000.0,31000.0,,0.0,,,3595000.0,43060000.0,92717000.0,,0.0,2306000.0,0.0,0.0,,,
2003-03-31,368980000.0,184113000.0,8611000.0,,68002000.0,94567000.0,,6018000.0,0.0,0.0,0.0,,,,,,,11960000.0,,149911000.0,1675000.0,84641000.0,-20714000.0,,368980000.0,186193000.0,3819000.0,1552000.0,0.0,3378000.0,0.0,,321776000.0,0.0,,0.0,533000.0,,16016000.0,29000.0,,0.0,,,3819000.0,47204000.0,92717000.0,,0.0,3537000.0,0.0,0.0,,,
2003-06-30,352848000.0,172419000.0,3826000.0,,56846000.0,97096000.0,,6917000.0,0.0,0.0,0.0,,,,,,,10839000.0,,146829000.0,1675000.0,89642000.0,-21863000.0,,352848000.0,185555000.0,4109000.0,1589000.0,0.0,3803000.0,0.0,,289985000.0,0.0,,0.0,-4346000.0,,19152000.0,20000.0,,0.0,,,4109000.0,62863000.0,92717000.0,,0.0,3931000.0,0.0,0.0,,,
2003-09-30,352569000.0,173451000.0,5295000.0,,59889000.0,94541000.0,,6992000.0,0.0,0.0,0.0,,,,,,,10770000.0,,143718000.0,1756000.0,98892000.0,-21844000.0,,352569000.0,190985000.0,4179000.0,1669000.0,0.0,3783000.0,0.0,,300056000.0,0.0,,0.0,-4107000.0,,22711000.0,1000.0,,0.0,,,4179000.0,52513000.0,92717000.0,,0.0,2951000.0,0.0,0.0,,,
2003-12-31,347328000.0,179537000.0,8594000.0,,57906000.0,92550000.0,,14136000.0,0.0,0.0,0.0,,,,,,,4377000.0,,143005000.0,1756000.0,91013000.0,-22730000.0,,347328000.0,175677000.0,4593000.0,1771000.0,0.0,4283000.0,0.0,,304124000.0,0.0,,0.0,4496000.0,,29543000.0,2843000.0,,0.0,,,4593000.0,43204000.0,92717000.0,,0.0,2068000.0,0.0,0.0,,,
2004-03-31,352515000.0,185912000.0,7693000.0,,64719000.0,91174000.0,,14136000.0,0.0,0.0,0.0,,,,,,,4391000.0,,139493000.0,1756000.0,87966000.0,-22508000.0,,352515000.0,180275000.0,4874000.0,1891000.0,0.0,5800000.0,0.0,,309455000.0,0.0,,0.0,-2043000.0,,27624000.0,2894000.0,,0.0,,,4874000.0,43060000.0,92717000.0,,0.0,2390000.0,0.0,0.0,,,
2004-06-30,354106000.0,188607000.0,6402000.0,,64074000.0,96353000.0,,14136000.0,0.0,0.0,0.0,,,,,,,4519000.0,,137776000.0,1756000.0,109885000.0,-26175000.0,,354106000.0,204650000.0,5113000.0,1934000.0,0.0,5429000.0,0.0,,323642000.0,0.0,,0.0,-1852000.0,,31923000.0,3199000.0,,0.0,,,5113000.0,30464000.0,92717000.0,,0.0,2213000.0,0.0,0.0,,,
2004-09-30,353855000.0,199389000.0,36363000.0,,48201000.0,88103000.0,,14096000.0,0.0,0.0,0.0,,,,,,,4402000.0,,126708000.0,2999000.0,100463000.0,-21056000.0,,353855000.0,193577000.0,96000.0,2000000.0,0.0,10711000.0,0.0,,297123000.0,0.0,,0.0,526000.0,,30815000.0,3586000.0,,0.0,,,96000.0,56732000.0,92717000.0,,0.0,1915000.0,0.0,0.0,,,
2004-12-31,326783000.0,166513000.0,8596000.0,,49027000.0,96447000.0,,5530000.0,0.0,0.0,0.0,,,,,,,12646000.0,,127833000.0,1756000.0,80821000.0,-22367000.0,,326783000.0,180263000.0,67000.0,1572000.0,0.0,5496000.0,0.0,,279554000.0,0.0,,0.0,-683000.0,,32742000.0,3167000.0,,0.0,,,67000.0,47229000.0,92717000.0,,0.0,1417000.0,0.0,0.0,,,
2005-03-31,339249000.0,181385000.0,8879000.0,,42437000.0,113936000.0,,5530000.0,0.0,0.0,0.0,,,,,,,12654000.0,,126197000.0,1756000.0,93835000.0,-17822000.0,,339249000.0,195229000.0,62000.0,1599000.0,0.0,8018000.0,0.0,,291672000.0,0.0,,0.0,-2250000.0,,32347000.0,3295000.0,,0.0,,,62000.0,47577000.0,92717000.0,,0.0,2585000.0,0.0,0.0,,,
2005-06-30,342805000.0,183827000.0,6735000.0,,49223000.0,112630000.0,,5516000.0,0.0,0.0,0.0,,,,,,,12450000.0,,128167000.0,1513000.0,91558000.0,-21420000.0,,342805000.0,202725000.0,62000.0,1628000.0,0.0,8739000.0,0.0,,296111000.0,0.0,,0.0,-2144000.0,,31208000.0,3369000.0,,0.0,,,62000.0,46694000.0,92717000.0,,0.0,984000.0,0.0,0.0,,,
2005-09-30,335758000.0,182502000.0,6792000.0,,62966000.0,111804000.0,,0.0,0.0,0.0,0.0,,,,,,,12368000.0,,123506000.0,1512000.0,93075000.0,-22736000.0,,335758000.0,206660000.0,76000.0,1717000.0,0.0,0.0,0.0,,294074000.0,0.0,,0.0,-4112000.0,,27689000.0,3689000.0,,0.0,,,76000.0,41684000.0,92717000.0,,0.0,940000.0,0.0,0.0,,,
2005-12-31,325140000.0,171052000.0,1586000.0,,48809000.0,111278000.0,,3060000.0,0.0,0.0,0.0,,,,,,,16738000.0,,120907000.0,1379000.0,107746000.0,-20340000.0,,325140000.0,200972000.0,104000.0,2563000.0,0.0,5289000.0,0.0,,289006000.0,0.0,,0.0,-730000.0,,39018000.0,0.0,,2822000.0,,,104000.0,36134000.0,82017000.0,,0.0,1030000.0,551000.0,0.0,,,
2006-03-31,308410000.0,159013000.0,7674000.0,,39028000.0,104774000.0,,2906000.0,0.0,0.0,0.0,,,,,,,16576000.0,,116445000.0,1393000.0,102331000.0,-17954000.0,,308410000.0,195401000.0,109000.0,2119000.0,0.0,3979000.0,0.0,,277741000.0,0.0,,0.0,265000.0,,33652000.0,4000000.0,,0.0,,,109000.0,30669000.0,100717000.0,,0.0,652000.0,0.0,0.0,,,
2006-06-30,288004000.0,143507000.0,4437000.0,,37260000.0,97805000.0,,1764000.0,0.0,0.0,0.0,,,,,,,16578000.0,,112687000.0,1393000.0,108239000.0,-19530000.0,,288004000.0,204371000.0,113000.0,2119000.0,0.0,1669000.0,0.0,,266786000.0,0.0,,0.0,-2134000.0,,26327000.0,4043000.0,,0.0,,,113000.0,21218000.0,100717000.0,,0.0,572000.0,0.0,0.0,,,
2006-09-30,286555000.0,147440000.0,3667000.0,,45142000.0,95946000.0,,1367000.0,0.0,0.0,0.0,,,,,,,16588000.0,,108438000.0,1365000.0,96449000.0,-21593000.0,,286555000.0,193324000.0,101000.0,2143000.0,0.0,614000.0,0.0,,269440000.0,0.0,,0.0,-443000.0,,40661000.0,4547000.0,,0.0,,,101000.0,17115000.0,100717000.0,,0.0,704000.0,0.0,0.0,,,
2006-12-31,341991000.0,146379000.0,1899000.0,,37328000.0,100397000.0,,2156000.0,0.0,0.0,0.0,,,,,,,17706000.0,,165781000.0,1005000.0,99193000.0,-20078000.0,,341991000.0,206159000.0,27000.0,2085000.0,0.0,3369000.0,0.0,,290860000.0,0.0,,0.0,-1611000.0,,63744000.0,0.0,,5275000.0,,,27000.0,51131000.0,100717000.0,,0.0,1230000.0,0.0,0.0,,,
2007-03-31,368201000.0,177630000.0,37027000.0,,41491000.0,93845000.0,,0.0,0.0,0.0,0.0,,,,,,,1210000.0,,161810000.0,931000.0,80914000.0,-18947000.0,,368201000.0,186683000.0,1000.0,17648000.0,0.0,5267000.0,6625000.0,,319143000.0,0.0,,0.0,-1641000.0,,62967000.0,0.0,,4563000.0,,,1000.0,49058000.0,100717000.0,,0.0,0.0,0.0,0.0,,,
2007-06-30,424383000.0,160323000.0,5506000.0,,59709000.0,89185000.0,,0.0,0.0,0.0,0.0,,,,,,,6903000.0,,157610000.0,931000.0,54454000.0,-20212000.0,,424383000.0,163156000.0,-19000.0,960000.0,0.0,5923000.0,0.0,,378595000.0,0.0,,0.0,-221000.0,,149900000.0,0.0,,3034000.0,,,-19000.0,45788000.0,112019000.0,,0.0,0.0,551000.0,0.0,,,
2007-09-30,413649000.0,153037000.0,4719000.0,,62884000.0,79638000.0,,0.0,0.0,0.0,0.0,,,,,,,6802000.0,,154728000.0,948000.0,56407000.0,-22485000.0,,413649000.0,168273000.0,33000.0,960000.0,0.0,5796000.0,4222000.0,,390585000.0,0.0,,0.0,15880000.0,,164290000.0,0.0,,3028000.0,,,33000.0,23064000.0,112957000.0,,0.0,0.0,551000.0,0.0,,,
2007-12-31,406031000.0,154634000.0,2362000.0,,63775000.0,75609000.0,,1510000.0,0.0,0.0,0.0,,,,,,,0.0,,152172000.0,428000.0,63648000.0,-22808000.0,,406031000.0,174921000.0,62000.0,951000.0,0.0,2663000.0,0.0,,382491000.0,0.0,,0.0,-81000.0,,161600000.0,0.0,,2895000.0,,,62000.0,23540000.0,112957000.0,,0.0,2000000.0,550000.0,0.0,,,
2008-03-31,424225000.0,159197000.0,1833000.0,,76602000.0,69202000.0,,3244000.0,0.0,0.0,0.0,,,,,,,6659000.0,,153994000.0,259000.0,85935000.0,-23413000.0,,424225000.0,196473000.0,-5000.0,1227000.0,0.0,2599000.0,4531000.0,,397373000.0,0.0,,0.0,-5741000.0,,156335000.0,0.0,,4616000.0,,,-5000.0,26852000.0,112957000.0,,0.0,5717000.0,550000.0,0.0,,,
2008-06-30,433775000.0,153332000.0,1809000.0,,79935000.0,61055000.0,,5333000.0,0.0,0.0,0.0,,,,,,,6508000.0,,165460000.0,263000.0,94736000.0,-26604000.0,,433775000.0,210616000.0,-3000.0,1236000.0,0.0,1102000.0,4933000.0,,402501000.0,0.0,,0.0,-7304000.0,,154407000.0,0.0,,9316000.0,,,-3000.0,31274000.0,112957000.0,,0.0,4098000.0,3629000.0,0.0,,,
2008-09-30,446719000.0,158544000.0,3368000.0,,82617000.0,61698000.0,,5955000.0,0.0,0.0,0.0,,,,,,,6694000.0,,173070000.0,209000.0,104158000.0,-29310000.0,,446719000.0,222547000.0,-5000.0,757000.0,0.0,1221000.0,5820000.0,,422654000.0,0.0,,0.0,5359000.0,,153791000.0,0.0,,10286000.0,,,-5000.0,24065000.0,112957000.0,,0.0,3685000.0,3211000.0,0.0,,,
2008-12-31,450429000.0,164923000.0,9017000.0,,74224000.0,64300000.0,,1166000.0,0.0,0.0,0.0,,,,,,,0.0,,175403000.0,221000.0,93144000.0,-29558000.0,,450429000.0,230283000.0,-5000.0,365000.0,0.0,1534000.0,7148000.0,,445593000.0,-9352000.0,,0.0,-227000.0,,163349000.0,0.0,,12010000.0,,,-5000.0,4836000.0,112957000.0,,0.0,2579000.0,3141000.0,0.0,,,
2009-03-31,458103000.0,166447000.0,6760000.0,,72950000.0,67710000.0,,5286000.0,0.0,0.0,0.0,,,,,,,5273000.0,,174948000.0,219000.0,88361000.0,-28654000.0,,458103000.0,246325000.0,6000.0,392000.0,0.0,1216000.0,6048000.0,,451764000.0,-9111000.0,,0.0,-3908000.0,,165192000.0,0.0,,10081000.0,,,6000.0,6339000.0,112957000.0,,0.0,4391000.0,2805000.0,-145000.0,,,
2009-06-30,458136000.0,157724000.0,4422000.0,,69417000.0,65793000.0,,8962000.0,0.0,0.0,0.0,,,,,,,5233000.0,,182662000.0,219000.0,88902000.0,-25365000.0,,458136000.0,246275000.0,5000.0,413000.0,0.0,1531000.0,5689000.0,,444522000.0,-4154000.0,,0.0,-6281000.0,,164397000.0,0.0,,10915000.0,,,5000.0,13614000.0,112957000.0,,0.0,2535000.0,2372000.0,0.0,,,
2009-09-30,455457000.0,154723000.0,4377000.0,,72456000.0,63696000.0,,8095000.0,0.0,0.0,0.0,,,,,,,5193000.0,,180440000.0,215000.0,86087000.0,-25976000.0,,455457000.0,236745000.0,4000.0,434000.0,0.0,1375000.0,5834000.0,,438081000.0,-1694000.0,,0.0,-559000.0,,163647000.0,0.0,,12004000.0,,,4000.0,17376000.0,112957000.0,,0.0,1555000.0,2974000.0,0.0,,,
2009-09-30,455456.992,154723.008,4377.0,0.0,75625.0,63696.0,0.0,0.0,0.0,11025.0,117105.0,0.0,0.0,0.0,0.0,0.0,0.0,0.0,98534.0,18571.0,215.0,180440.0,2974.0,0.0,455456.992,236744.992,0.0,71341.0,26644.0,86087.0,714.0,0.0,49026.0,2933.0,0.0,201332.0,22318.0,0.0,167010.0,0.0,0.0,12004.0,0.0,0.0,4.0,17376.0,112957.0,267.0,51797.0,0.0,-145951.008,-1694.0,0.0,0.0,0.0
2009-12-31,450734.016,163626.0,8618.0,0.0,72825.0,71037.0,0.0,0.0,0.0,11146.0,107048.0,0.0,0.0,0.0,0.0,0.0,0.0,0.0,86763.0,20285.0,223.0,177172.0,2665.0,0.0,450734.016,224424.992,0.0,68033.0,24134.0,90428.0,0.0,6.0,36267.0,5557.0,0.0,196696.992,28859.0,0.0,152600.992,0.0,0.0,15237.0,0.0,0.0,8.0,29604.0,112957.0,267.0,51246.0,0.0,-133712.0,-1154.0,0.0,0.0,0.0
2009-12-31,450734000.0,163626000.0,8618000.0,,68546000.0,71037000.0,,4294000.0,0.0,0.0,0.0,,,,,,,0.0,,177172000.0,223000.0,90428000.0,-24601000.0,,450734000.0,224425000.0,8000.0,455000.0,0.0,1662000.0,5576000.0,,421130000.0,-1154000.0,,0.0,-6406000.0,,149320000.0,0.0,,15237000.0,,,8000.0,29604000.0,112957000.0,,0.0,2351000.0,2665000.0,0.0,,,
2010-03-31,492975.008,168491.008,10048.0,0.0,80609.0,70322.0,0.0,0.0,0.0,7512.0,138546.0,0.0,0.0,0.0,0.0,0.0,0.0,0.0,88470.0,50076.0,219.0,183459.008,2260.0,0.0,492975.008,227311.008,0.0,61183.0,24875.0,98392.0,0.0,6.0,37434.0,5421.0,0.0,234552.0,38248.0,0.0,177908.0,0.0,0.0,18396.0,0.0,0.0,3.0,31109.0,112957.0,267.0,48333.0,0.0,-128682.0,-1766.0,0.0,0.0,0.0
2010-03-31,492975000.0,168491000.0,10048000.0,,79052000.0,70322000.0,,3385000.0,80000.0,0.0,-5671000.0,,,,,,,21574000.0,,183459000.0,219000.0,98392000.0,0.0,,492975000.0,227311000.0,3000.0,2472000.0,0.0,1476000.0,5671000.0,,461866000.0,-1766000.0,,0.0,-439000.0,,131141000.0,43445000.0,,18396000.0,,,3000.0,31109000.0,112957000.0,,0.0,2651000.0,2180000.0,0.0,,,
2010-06-30,505667000.0,180215000.0,5895000.0,,86669000.0,76418000.0,,5233000.0,80000.0,0.0,-5431000.0,,,,,,,22435000.0,,181204000.0,215000.0,102857000.0,0.0,,505667000.0,232487000.0,5000.0,2638000.0,0.0,1824000.0,5431000.0,,467722000.0,-2080000.0,,0.0,-3541000.0,,131048000.0,44682000.0,,20056000.0,,,5000.0,37945000.0,112957000.0,,0.0,2494000.0,1726000.0,0.0,,,
2010-06-30,505667.008,180215.008,5895.0,0.0,88351.0,76418.0,0.0,0.0,0.0,9551.0,142227.008,0.0,0.0,0.0,0.0,0.0,0.0,0.0,90349.0,51878.0,215.0,181204.0,1806.0,0.0,505667.008,232487.008,0.0,65429.0,21899.0,102857.0,0.0,6.0,37449.0,4847.0,0.0,235230.0,36195.0,0.0,178979.008,0.0,0.0,20056.0,0.0,0.0,5.0,37945.0,112957.0,267.0,47938.0,0.0,-121137.0,-2080.0,0.0,0.0,0.0
2010-09-30,556407000.0,211638000.0,12214000.0,,101735000.0,82883000.0,,8180000.0,80000.0,0.0,-6095000.0,,,,,,,26706000.0,,179091000.0,208000.0,91967000.0,0.0,,556407000.0,238077000.0,8000.0,8057000.0,0.0,1761000.0,6095000.0,,499485000.0,-323000.0,,0.0,418000.0,,136429000.0,43676000.0,,22053000.0,,,8000.0,56922000.0,112957000.0,,0.0,2895000.0,1595000.0,0.0,,,
2010-09-30,556406.976,211638.0,12214.0,0.0,103705.0,82883.0,0.0,0.0,0.0,12836.0,163795.008,0.0,0.0,0.0,0.0,0.0,0.0,0.0,92538.0,71257.0,208.0,179091.008,1675.0,0.0,556406.976,238076.992,0.0,73373.0,26294.0,91967.0,0.0,0.0,40030.0,6413.0,0.0,261400.0,56087.0,0.0,183260.0,0.0,0.0,22053.0,0.0,0.0,8.0,56922.0,112957.0,267.0,47267.0,0.0,-103246.0,-323.0,0.0,0.0,0.0
2010-12-31,538113000.0,214884000.0,12802000.0,,101848000.0,93745000.0,,2154000.0,0.0,0.0,-5162000.0,,,,,,,0.0,,178226000.0,226000.0,97584000.0,0.0,,538113000.0,251275000.0,10000.0,8043000.0,0.0,2275000.0,5162000.0,,477287000.0,47301000.0,,0.0,4878000.0,,136798000.0,14994000.0,,25499000.0,,,10000.0,60826000.0,112957000.0,,0.0,940000.0,1544000.0,0.0,,,
2010-12-31,567422.0160000001,214527.008,12802.0,1120.0,101491.0,93745.0,0.0,2154.0,193.0,3022.0,172899.008,0.0,0.0,357.0,0.0,0.0,29309.0,0.0,94667.0,48566.0,226.0,178226.0,1544.0,0.0,567422.0160000001,251275.008,15334.0,87689.0,20283.0,97584.0,0.0,0.0,24040.0,6345.0,0.0,255311.008,45242.0,0.0,140267.008,44303.0,0.0,25499.0,0.0,0.0,10.0,60826.0,112957.0,267.0,46872.0,0.0,-99699.0,429.0,0.0,0.0,0.0
2011-03-31,588796000.0,234306000.0,26232000.0,,95592000.0,99593000.0,,4109000.0,80000.0,0.0,-4757000.0,,,,,,,28895000.0,,176342000.0,221000.0,110011000.0,-3783000.0,,588796000.0,259172000.0,12000.0,8104000.0,0.0,1724000.0,4757000.0,,525584000.0,47667000.0,,4504000.0,6691000.0,,180278000.0,0.0,,31015000.0,,,12000.0,63212000.0,112957000.0,,1530000.0,1623000.0,1364000.0,0.0,,,
2011-03-31,588796.032,234306.0,30736.0,929.0,95592.0,99593.0,0.0,4109.0,689.0,2658.0,176483.008,0.0,0.0,335.0,0.0,0.0,28895.0,0.0,96934.0,50319.0,221.0,176342.0,1444.0,0.0,588796.032,259172.0,16018.0,84725.0,23507.0,110011.0,0.0,0.0,23957.0,954.0,0.0,266400.0,51742.0,0.0,140444.0,43199.0,0.0,31015.0,0.0,0.0,12.0,63212.0,112957.0,267.0,0.0,0.0,-97679.0,0.0,0.0,47667.0,0.0
2011-06-30,572033.024,216404.0,13423.0,953.0,103734.0,89268.0,0.0,4488.0,757.0,3781.0,178948.0,0.0,0.0,311.0,0.0,0.0,27147.0,0.0,99304.0,52186.0,215.0,175122.0,1344.0,0.0,572033.024,247772.0,19945.0,77252.0,28420.0,100776.0,0.0,0.0,20412.0,967.0,0.0,257576.0,47913.0,0.0,133120.0,42561.0,0.0,33982.0,0.0,0.0,13.0,66672.0,112957.0,267.0,0.0,0.0,-95198.0,0.0,0.0,48646.0,0.0
2011-06-30,572033000.0,216404000.0,9755000.0,,103734000.0,89268000.0,,4488000.0,80000.0,0.0,-4004000.0,,,,,,,27147000.0,,175122000.0,215000.0,100776000.0,-4376000.0,,572033000.0,247772000.0,13000.0,8120000.0,0.0,2226000.0,4004000.0,,505361000.0,48646000.0,,3668000.0,2612000.0,,172425000.0,0.0,,33982000.0,,,13000.0,66672000.0,112957000.0,,0.0,2312000.0,1264000.0,0.0,,,
2011-09-30,579969000.0,229996000.0,747000.0,,118557000.0,84787000.0,,8535000.0,80000.0,0.0,-3931000.0,,,,,,,26457000.0,,175225000.0,215000.0,80729000.0,-4491000.0,,579969000.0,255722000.0,16000.0,7915000.0,0.0,2437000.0,3931000.0,,506722000.0,42261000.0,,9333000.0,-5322000.0,,127480000.0,41526000.0,,36211000.0,,,16000.0,73247000.0,112957000.0,,0.0,5333000.0,2503000.0,0.0,,,
2011-09-30,579969.024,229996.0,10080.0,267.0,118557.0,84787.0,0.0,8535.0,817.0,6953.0,171950.0,0.0,0.0,0.0,0.0,0.0,26457.0,0.0,91843.0,53650.0,215.0,175224.992,2583.0,0.0,579969.024,255722.0,22350.0,91256.0,35792.0,80729.0,0.0,0.0,24587.0,1008.0,0.0,250984.0,42623.0,0.0,130624.0,41526.0,0.0,36211.0,0.0,0.0,16.0,73247.0,112957.0,267.0,0.0,0.0,-82238.0,0.0,0.0,42261.0,0.0
2011-12-31,550222000.0,215923000.0,0.0,,107867000.0,90553000.0,,2682000.0,80000.0,0.0,-4538000.0,,,,,,,0.0,,178052000.0,215000.0,79600000.0,-43009000.0,,550222000.0,245403000.0,8000.0,7961000.0,0.0,2580000.0,4538000.0,,468432000.0,42304000.0,,10065000.0,-304000.0,,124938000.0,15693000.0,,39062000.0,,,8000.0,81790000.0,112957000.0,,0.0,2176000.0,4669000.0,0.0,,,
2011-12-31,575502.0160000001,215923.008,10065.0,0.0,107867.0,90553.0,0.0,2682.0,491.0,4265.0,176563.008,0.0,0.0,0.0,0.0,0.0,25280.0,0.0,93780.0,57503.0,215.0,178052.0,4749.0,0.0,575502.0160000001,245403.008,16780.0,97980.0,26627.0,79600.0,0.0,0.0,23401.0,1015.0,0.0,248300.992,40210.0,0.0,128056.0,40973.0,0.0,39062.0,0.0,0.0,8.0,81790.0,112957.0,267.0,0.0,0.0,-73738.0,0.0,0.0,42304.0,0.0
2012-03-31,579481.024,214400.0,6987.0,0.0,112132.0,88628.0,0.0,2023.0,1776.0,2854.0,180495.008,0.0,0.0,0.0,0.0,0.0,25320.0,0.0,95758.0,59417.0,215.0,177602.0,6769.0,0.0,579481.024,240538.0,17368.0,96254.0,31307.0,70796.0,0.0,0.0,23622.0,1191.0,0.0,244883.008,36626.0,0.0,125026.0,41301.0,0.0,41930.0,0.0,0.0,11.0,94049.0,112957.0,267.0,0.0,0.0,-62189.0,0.0,0.0,43014.0,0.0
2012-03-31,579481000.0,214400000.0,3604000.0,,112132000.0,88628000.0,,2023000.0,80000.0,0.0,-4250000.0,,,,,,,25320000.0,,177602000.0,215000.0,70796000.0,-3137000.0,,579481000.0,240538000.0,11000.0,8308000.0,0.0,1879000.0,4250000.0,,485432000.0,43014000.0,,3383000.0,1344000.0,,121993000.0,41301000.0,,41930000.0,,,11000.0,94049000.0,112957000.0,,1964000.0,2751000.0,6689000.0,0.0,,,
2012-06-30,635131.0079999999,261135.008,23276.0,0.0,117722.0,109855.0,0.0,2355.0,1692.0,6235.0,184176.0,0.0,0.0,0.0,0.0,0.0,24719.0,0.0,97519.0,61938.0,215.0,178827.008,10778.0,0.0,635131.0079999999,286976.0,21354.0,119779.0,32132.0,84219.0,0.0,0.0,27276.0,2216.0,0.0,245548.0,38866.0,0.0,121577.0,41006.0,0.0,44099.0,0.0,0.0,14.0,102593.0,112957.0,267.0,0.0,0.0,-49159.0,0.0,0.0,38528.0,0.0
2012-06-30,635131000.0,261135000.0,0.0,,117722000.0,109855000.0,,2355000.0,190000.0,0.0,-4108000.0,,,,,,,24719000.0,,178827000.0,215000.0,84219000.0,-37076000.0,,635131000.0,286976000.0,14000.0,9136000.0,0.0,2212000.0,4108000.0,,532538000.0,38528000.0,,23276000.0,-1853000.0,,118582000.0,41006000.0,,44099000.0,,,14000.0,102593000.0,112957000.0,,1926000.0,5715000.0,10588000.0,0.0,,,
2012-09-30,664108.032,286184.99199999997,15609.0,0.0,147571.008,114544.0,0.0,1957.0,1126.0,5378.0,184019.008,0.0,0.0,0.0,0.0,0.0,22568.0,0.0,99078.0,62373.0,215.0,180075.008,13614.0,0.0,664108.032,295969.984,23872.0,133924.0,32678.0,71553.0,0.0,0.0,32621.0,1322.0,0.0,244019.008,38570.0,0.0,117717.0,40836.0,0.0,46896.0,0.0,0.0,16.0,124103.0,112957.0,267.0,0.0,0.0,-27064.0,0.0,0.0,37943.0,0.0
2012-09-30,664108000.0,286185000.0,14348000.0,,147571000.0,114544000.0,,1957000.0,190000.0,0.0,-3187000.0,,,,,,,22568000.0,,180075000.0,215000.0,71553000.0,-46067000.0,,664108000.0,295970000.0,16000.0,8248000.0,0.0,1646000.0,3187000.0,,540005000.0,37943000.0,,1261000.0,3773000.0,,114735000.0,40836000.0,,46896000.0,,,16000.0,124103000.0,112957000.0,,1990000.0,4858000.0,13424000.0,-35000.0,,,
2012-12-31,695321.0240000001,328230.016,58870.0,0.0,142678.0,120045.0,0.0,2064.0,815.0,3758.0,164500.992,0.0,0.0,0.0,0.0,0.0,0.0,0.0,100398.0,64103.0,215.0,187056.0,15319.0,0.0,695321.0240000001,295375.00800000003,18459.0,121113.0,34348.0,75584.0,0.0,0.0,38707.0,7164.0,0.0,272819.00800000003,90931.0,0.0,113364.0,16309.0,0.0,52215.0,0.0,0.0,8.0,127119.0,40798.0,267.0,0.0,50069.0,0.0,0.0,0.0,35985.0,0.0
2012-12-31,695321000.0,328230000.0,55215000.0,,141288000.0,120045000.0,,3454000.0,190000.0,0.0,-3133000.0,,,,,,,0.0,,187056000.0,215000.0,75584000.0,-117684000.0,,695321000.0,295375000.0,8000.0,8494000.0,0.0,2804000.0,3133000.0,,568202000.0,35985000.0,,3655000.0,2837000.0,,110446000.0,16309000.0,,52215000.0,,,8000.0,127119000.0,40798000.0,,2213000.0,1769000.0,15129000.0,0.0,,,
2013-03-31,747398.016,360814.016,67097.0,0.0,145830.0,133156.0,0.0,2514.0,2764.0,9453.0,156788.992,0.0,0.0,0.0,0.0,0.0,0.0,0.0,90375.0,66414.0,198.0,212498.0,17099.0,0.0,747398.016,278492.0,19357.0,124397.0,34028.0,58156.0,0.0,0.0,32831.0,9723.0,0.0,328110.016,148766.0,0.0,109032.0,15777.0,0.0,54535.0,0.0,0.0,11.0,140785.0,40798.0,267.0,0.0,50069.0,13457.0,0.0,0.0,36194.0,0.0
2013-03-31,747398000.0,360814000.0,64574000.0,,144908000.0,133156000.0,,3436000.0,190000.0,0.0,-4054000.0,,,,,,,0.0,,212498000.0,198000.0,58156000.0,-40251000.0,,747398000.0,278492000.0,11000.0,8671000.0,0.0,3030000.0,4054000.0,,606613000.0,36194000.0,,2523000.0,3463000.0,,106207000.0,15777000.0,,54535000.0,,,11000.0,140785000.0,40798000.0,,0.0,9187000.0,16909000.0,0.0,,,
2013-06-30,835542.016,393200.992,73347.0,0.0,166512.992,137700.992,0.0,2568.0,0.0,13072.0,164379.008,0.0,0.0,0.0,0.0,0.0,0.0,0.0,91588.0,72791.0,198.0,259320.0,18444.0,0.0,835542.016,326748.99199999997,23554.0,131805.0,34946.0,106209.0,0.0,0.0,24352.0,5883.0,0.0,355839.008,178428.0,0.0,105579.0,16058.0,0.0,55774.0,0.0,0.0,15.0,152939.0,46065.0,0.0,0.0,45069.0,30107.0,0.0,0.0,31698.0,0.0
2013-06-30,835542000.0,393201000.0,71834000.0,,165356000.0,137701000.0,,3725000.0,190000.0,0.0,-4138000.0,,,,,,,0.0,,259320000.0,198000.0,106209000.0,-49643000.0,,835542000.0,326749000.0,15000.0,9369000.0,0.0,5072000.0,4138000.0,,682603000.0,31698000.0,,1513000.0,-4132000.0,,102859000.0,16058000.0,,55774000.0,,,15000.0,152939000.0,46065000.0,,0.0,8000000.0,18254000.0,-210000.0,,,
2013-09-30,903592000.0,448051000.0,117565000.0,,163324000.0,147184000.0,,4054000.0,190000.0,0.0,-5373000.0,,,,,,,0.0,,262247000.0,198000.0,109314000.0,-51778000.0,,903592000.0,312891000.0,19000.0,17010000.0,0.0,8554000.0,5373000.0,,732742000.0,31011000.0,,2879000.0,4974000.0,,113041000.0,16446000.0,,57729000.0,,,19000.0,170850000.0,46065000.0,,2408000.0,4491000.0,19377000.0,-163000.0,,,
2013-09-30,903592.0,448051.008,120444.0,0.0,164324.992,147184.0,0.0,3053.0,0.0,13045.0,173528.992,0.0,0.0,0.0,0.0,0.0,0.0,0.0,92995.0,80534.0,198.0,262247.00800000003,19567.0,0.0,903592.0,312891.00800000003,26764.0,116168.0,29450.0,109314.0,0.0,0.0,25401.0,5794.0,0.0,419832.0,229992.992,0.0,115664.0,16446.0,0.0,57729.0,0.0,0.0,19.0,170849.992,46065.0,0.0,0.0,45069.0,48705.0,0.0,0.0,31011.0,0.0
2013-12-31,904908.032,433732.0,57677.0,0.0,163800.992,177847.008,0.0,17883.0,0.0,16524.0,186662.0,0.0,0.0,0.0,0.0,0.0,0.0,0.0,94540.0,92122.0,198.0,265572.0,18744.0,0.0,904908.032,352484.992,20483.0,153842.0,25853.0,91068.0,0.0,0.0,40003.0,21236.0,0.0,360566.016,202066.0,0.0,117200.0,29154.0,0.0,12146.0,0.0,0.0,8.0,191848.992,46065.0,-2545.0,0.0,115651.0,0.0,0.0,0.0,32678.0,0.0
2013-12-31,904908000.0,433732000.0,50698000.0,,162808000.0,177847000.0,,18876000.0,190000.0,0.0,0.0,,,,,,,0.0,,265572000.0,198000.0,91068000.0,0.0,,904908000.0,352485000.0,8000.0,20721000.0,0.0,6549000.0,0.0,,713059000.0,32678000.0,,6979000.0,-2746000.0,,114656000.0,29154000.0,,12146000.0,,,8000.0,191849000.0,46065000.0,,0.0,9975000.0,18554000.0,0.0,,,
2014-03-31,907441.0240000001,412043.008,24330.0,0.0,163214.0,201447.008,0.0,11978.0,0.0,11074.0,196774.0,0.0,0.0,0.0,0.0,0.0,0.0,0.0,96215.0,100559.0,198.0,280742.016,17684.0,0.0,907441.0240000001,323326.016,21903.0,115242.0,26362.0,99746.0,0.0,0.0,41080.0,18993.0,0.0,376083.008,211059.008,0.0,120799.0,30444.0,0.0,13781.0,0.0,0.0,13.0,208019.0,46065.0,-2545.0,0.0,115651.0,14943.0,0.0,0.0,33905.0,0.0
2014-03-31,907441000.0,412043000.0,23116000.0,,162185000.0,201447000.0,,13007000.0,190000.0,0.0,-6355000.0,,,,,,,0.0,,280742000.0,198000.0,99746000.0,-48819000.0,,907441000.0,323326000.0,13000.0,26257000.0,0.0,6560000.0,6355000.0,,699422000.0,33905000.0,,1214000.0,7798000.0,,118350000.0,30444000.0,,13781000.0,,,13000.0,208019000.0,46065000.0,,2581000.0,4514000.0,17494000.0,0.0,,,
2014-06-30,946803.968,439532.0,56234.0,0.0,177627.008,190030.0,0.0,7265.0,0.0,8376.0,195242.0,0.0,0.0,0.0,0.0,0.0,0.0,0.0,85671.0,109571.0,198.0,294751.00800000003,17081.0,0.0,946803.968,321959.00800000003,28545.0,106806.0,25193.0,117018.0,0.0,0.0,22923.0,21474.0,0.0,411580.992,242583.008,0.0,123511.0,29543.0,0.0,15944.0,0.0,0.0,18.0,213246.0,76565.0,-2545.0,0.0,76554.0,27929.0,0.0,0.0,34743.0,0.0
2014-06-30,946804000.0,439532000.0,5971000.0,,176117000.0,190030000.0,,8775000.0,110000.0,0.0,-7426000.0,,,,,,,0.0,,294751000.0,198000.0,117018000.0,-57143000.0,,946804000.0,321959000.0,18000.0,30859000.0,0.0,6832000.0,7426000.0,,733558000.0,34743000.0,,50263000.0,7807000.0,,121152000.0,29543000.0,,15944000.0,,,18000.0,213246000.0,76565000.0,,2701000.0,1544000.0,16971000.0,0.0,,,
2014-09-30,1034174000.0,477192000.0,25908000.0,,194944000.0,184355000.0,,8962000.0,110000.0,0.0,-8375000.0,,,,,,,0.0,,327882000.0,198000.0,133337000.0,-62010000.0,,1034174000.0,374504000.0,23000.0,42204000.0,0.0,6394000.0,8375000.0,,812382000.0,29290000.0,,52728000.0,-6050000.0,,124426000.0,29300000.0,,17957000.0,,,23000.0,221792000.0,76565000.0,,2781000.0,3901000.0,16535000.0,0.0,,,
2014-09-30,1034174.016,477192.0,78636.0,0.0,196544.0,184355.008,0.0,7362.0,0.0,10295.0,212256.992,0.0,0.0,0.0,0.0,0.0,0.0,0.0,87264.0,124993.0,198.0,327881.984,16645.0,0.0,1034174.016,374504.0,31679.0,134696.992,31865.0,133337.0,0.0,0.0,21360.0,21566.0,0.0,437855.008,263911.00800000003,0.0,126687.0,29300.0,0.0,17957.0,0.0,0.0,23.0,221792.008,76565.0,0.0,0.0,74009.0,41928.0,0.0,0.0,29290.0,0.0
2014-12-31,1132348.0320000001,497839.008,92383.0,0.0,187918.0,192292.0,0.0,15648.0,0.0,9598.0,220404.992,0.0,0.0,0.0,0.0,0.0,0.0,0.0,88893.0,131512.0,198.0,392584.992,21321.0,0.0,1132348.0320000001,460243.008,24501.0,150372.992,26067.0,172722.0,0.0,0.0,62302.0,24278.0,0.0,434824.992,274646.016,0.0,109982.0,30184.0,0.0,20013.0,0.0,0.0,10.0,237270.0,76565.0,0.0,0.0,143748.992,0.0,0.0,0.0,16956.0,0.0
2014-12-31,1132348000.0,497839000.0,68286000.0,,186358000.0,192292000.0,,17208000.0,4240000.0,0.0,-3818000.0,,,,,,,0.0,,392585000.0,198000.0,172722000.0,-53083000.0,,1132348000.0,460243000.0,10000.0,46581000.0,0.0,7810000.0,3818000.0,,895078000.0,16956000.0,,24097000.0,2926000.0,,109982000.0,30184000.0,,20013000.0,,,10000.0,237270000.0,76565000.0,,3134000.0,1788000.0,17081000.0,0.0,,,
2015-03-31,1260450.048,585353.9839999999,137503.008,0.0,206659.008,195772.992,0.0,16887.0,0.0,28532.0,228831.008,0.0,0.0,0.0,0.0,0.0,0.0,0.0,90534.0,138296.992,198.0,424120.0,21947.0,0.0,1260450.048,553102.0160000001,26892.0,150470.0,26048.0,266956.0,0.0,0.0,54363.0,28373.0,0.0,470527.008,308040.99199999997,0.0,112579.0,26690.0,0.0,23217.0,0.0,0.0,15.0,236805.992,76565.0,0.0,0.0,143748.992,11084.0,0.0,0.0,5408.0,0.0
2015-03-31,1260450000.0,585354000.0,130511000.0,,205315000.0,195773000.0,,18231000.0,4240000.0,0.0,-8041000.0,,,,,,,0.0,,424120000.0,198000.0,266956000.0,-57092000.0,,1260450000.0,553102000.0,15000.0,50048000.0,0.0,23130000.0,8041000.0,,1023644000.0,5408000.0,,6992000.0,8112000.0,,112579000.0,26690000.0,,23217000.0,,,15000.0,236806000.0,76565000.0,,2773000.0,5402000.0,17707000.0,0.0,,,
2015-06-30,1177138.9440000001,473782.016,27133.0,0.0,210198.0,199494.0,0.0,21913.0,0.0,15044.0,234716.0,0.0,0.0,0.0,0.0,0.0,0.0,0.0,92332.0,142384.0,198.0,442584.992,25858.0,0.0,1177138.9440000001,505067.008,33932.0,142483.008,21974.0,247075.008,0.0,0.0,32352.0,27251.0,0.0,441065.984,269489.984,0.0,116466.0,28550.0,0.0,26560.0,0.0,0.0,20.0,230986.0,99565.0,0.0,0.0,98551.0,25613.0,0.0,0.0,7257.0,0.0
2015-06-30,1177139000.0,473782000.0,23174000.0,,209365000.0,199494000.0,,22746000.0,7040000.0,0.0,-9642000.0,,,,,,,0.0,,442585000.0,198000.0,247075000.0,-10126000.0,,1177139000.0,505067000.0,20000.0,53802000.0,0.0,12467000.0,9642000.0,,946153000.0,7257000.0,,3959000.0,-5052000.0,,116466000.0,28550000.0,,26560000.0,,,20000.0,230986000.0,99565000.0,,0.0,2577000.0,18818000.0,0.0,,,
2015-09-30,1240964000.0,531220000.0,47227000.0,,239387000.0,197433000.0,,20252000.0,7039000.0,0.0,-10537000.0,,,,,,,0.0,,443287000.0,198000.0,308988000.0,-9373000.0,,1240964000.0,582396000.0,26000.0,57711000.0,0.0,13860000.0,10537000.0,,1018362000.0,-10790000.0,,3947000.0,5923000.0,,118304000.0,19495000.0,,29193000.0,,,26000.0,222602000.0,99565000.0,,5164000.0,9114000.0,18406000.0,0.0,,,
2015-09-30,1240963.9679999999,531220.0,51174.0,0.0,240664.0,197432.992,0.0,18975.0,4313.0,18661.0,240814.0,0.0,0.0,0.0,0.0,0.0,0.0,0.0,94359.0,146455.008,198.0,443287.008,25445.0,0.0,1240963.9679999999,582396.032,37815.0,151292.0,25874.0,308988.0,0.0,0.0,29698.0,28729.0,0.0,435940.0,268948.0,0.0,118304.0,19495.0,0.0,29193.0,0.0,0.0,26.0,222602.0,99565.0,0.0,0.0,98551.0,35276.0,0.0,0.0,-10790.0,0.0
2015-12-31,1351893000.0,639604000.0,78517000.0,,207345000.0,205291000.0,,23797000.0,7039000.0,0.0,-11122000.0,,,,,,,0.0,,444194000.0,198000.0,210714000.0,-62701000.0,,1351893000.0,439490000.0,10000.0,59924000.0,0.0,12976000.0,11122000.0,,1120047000.0,-6912000.0,,9147000.0,14979000.0,,121342000.0,21665000.0,,50526000.0,,,10000.0,231846000.0,99565000.0,,5544000.0,2053000.0,18201000.0,0.0,,,
2015-12-31,1351892.9919999999,639603.968,87664.0,100478.0,208367.008,205291.008,0.0,22775.0,0.0,15029.0,242656.992,0.0,0.0,0.0,0.0,0.0,0.0,0.0,84601.0,158056.0,198.0,444193.984,25240.0,0.0,1351892.9919999999,439489.984,29015.0,127352.0,20400.0,210714.0,0.0,0.0,47481.0,4528.0,0.0,680547.0079999999,487014.016,0.0,121342.0,21665.0,0.0,50526.0,0.0,0.0,10.0,231846.0,99565.0,0.0,0.0,139192.992,0.0,0.0,0.0,-6912.0,0.0
2016-03-31,1329592000.0,608388000.0,74996000.0,,196744000.0,202728000.0,,21440000.0,7039000.0,0.0,-9007000.0,,,,,,,0.0,,445359000.0,198000.0,188435000.0,-56630000.0,,1329592000.0,424026000.0,14000.0,67581000.0,0.0,12044000.0,9007000.0,,1096907000.0,-149000.0,,14497000.0,6854000.0,,129183000.0,17295000.0,,53425000.0,,,14000.0,232685000.0,99565000.0,,3343000.0,3473000.0,17005000.0,0.0,,,
2016-03-31,1329592.064,608387.968,89493.0,82466.0,198947.008,202728.0,0.0,19237.0,0.0,15517.0,251603.008,0.0,0.0,0.0,0.0,0.0,0.0,0.0,86214.0,165388.992,198.0,445359.008,24044.0,0.0,1329592.064,424025.984,30417.0,123417.0,25584.0,188435.008,0.0,0.0,49891.0,6282.0,0.0,672867.0079999999,472964.0,0.0,129183.0,17295.0,0.0,53425.0,0.0,0.0,14.0,232685.008,99565.0,0.0,0.0,139192.992,-5924.0,0.0,0.0,-149.0,0.0
2016-06-30,1356772000.0,630160000.0,80366000.0,,215866000.0,207665000.0,,17297000.0,7039000.0,0.0,-9222000.0,,,,,,,0.0,,443864000.0,217000.0,358963000.0,-9814000.0,,1356772000.0,611104000.0,20000.0,72904000.0,0.0,11562000.0,9222000.0,,1113801000.0,6686000.0,,10750000.0,-2962000.0,,133274000.0,11199000.0,,58571000.0,,,20000.0,242971000.0,119565000.0,,3500000.0,1394000.0,16058000.0,0.0,,,
2016-06-30,1356771.968,630160.0,91116.0,85260.0,217556.992,207664.992,0.0,15606.0,0.0,12956.0,259434.0,0.0,0.0,0.0,0.0,0.0,0.0,0.0,87936.0,171498.0,217.0,443864.0,23097.0,0.0,1356771.968,611104.0,38833.0,126189.0,29267.0,358963.008,0.0,0.0,56243.0,1609.0,0.0,502676.992,299632.99199999997,0.0,133274.0,11199.0,0.0,58571.0,0.0,0.0,20.0,242971.008,119565.0,0.0,0.0,118310.0,-1590.0,0.0,0.0,6686.0,0.0
2016-09-30,1332718000.0,625071000.0,148713000.0,,227536000.0,199520000.0,,26501000.0,6831000.0,0.0,-10563000.0,,,,,,,0.0,,438488000.0,229000.0,173940000.0,-8680000.0,,1332718000.0,417926000.0,22000.0,76769000.0,0.0,9119000.0,10563000.0,,1091414000.0,5643000.0,,10410000.0,-3009000.0,,135018000.0,9489000.0,,63870000.0,,,22000.0,241304000.0,119565000.0,,3849000.0,3272000.0,14888000.0,0.0,,,
2016-09-30,1332717.952,625070.976,159123.008,0.0,229488.0,199520.0,0.0,24549.0,0.0,12391.0,247211.008,0.0,0.0,0.0,0.0,0.0,0.0,0.0,87768.0,159443.008,229.0,438488.0,21719.0,0.0,1332717.952,417926.016,43098.0,124035.0,25194.0,173940.0,0.0,0.0,50059.0,1600.0,0.0,673465.984,465088.992,0.0,135018.0,9489.0,0.0,63870.0,0.0,0.0,22.0,241304.0,119565.0,0.0,0.0,118310.0,-2214.0,0.0,0.0,5643.0,0.0
2016-12-31,1237360000.0,535369000.0,94573000.0,,212831000.0,185880000.0,,21627000.0,6831000.0,0.0,-44114000.0,,,,,,,0.0,,433348000.0,243000.0,197004000.0,-222317000.0,,1237360000.0,409155000.0,11000.0,81742000.0,0.0,6649000.0,44114000.0,,998912000.0,-2246000.0,,11172000.0,-1388000.0,,138332000.0,3250000.0,,58507000.0,,,11000.0,238448000.0,119565000.0,,3801000.0,2637000.0,13722000.0,0.0,,,
2016-12-31,1237360.0,535368.9920000001,105745.0,0.0,215379.008,185880.0,0.0,19079.0,0.0,9286.0,247847.008,0.0,0.0,0.0,0.0,0.0,0.0,0.0,89423.0,158424.0,243.0,433348.0,20553.0,0.0,1237360.0,409155.008,27155.0,102929.0,25188.0,197004.0,0.0,0.0,56879.0,0.0,0.0,589745.9839999999,389656.992,0.0,138332.0,3250.0,0.0,58507.0,0.0,0.0,11.0,238448.008,119565.0,0.0,0.0,121129.0,0.0,0.0,0.0,-2246.0,0.0
2017-03-31,1249505.024,543225.9839999999,118662.0,0.0,205252.0,186648.992,0.0,13015.0,0.0,19648.0,257791.008,0.0,0.0,0.0,0.0,0.0,4353.0,0.0,91016.0,162422.0,266.0,428716.992,19505.0,0.0,1249505.024,426023.008,31170.0,112613.0,26724.0,202548.992,0.0,0.0,50820.0,2147.0,0.0,563297.024,373096.992,0.0,139128.992,12709.0,0.0,38362.0,0.0,0.0,19.0,260165.992,119565.0,0.0,0.0,121129.0,20160.0,0.0,0.0,-688.0,0.0
2017-03-31,1249505000.0,543226000.0,101502000.0,,203992000.0,186649000.0,,14275000.0,6831000.0,0.0,-17115000.0,,,,,,,0.0,,428717000.0,266000.0,202549000.0,-54751000.0,,1249505000.0,426023000.0,19000.0,84392000.0,0.0,14208000.0,17115000.0,,989339000.0,-688000.0,,17160000.0,-11961000.0,,139129000.0,12709000.0,,38362000.0,,,19000.0,260166000.0,119565000.0,,3613000.0,5440000.0,12674000.0,0.0,,,
2017-06-30,1253835000.0,547021000.0,85397000.0,,224988000.0,181939000.0,,26517000.0,8059000.0,0.0,-14923000.0,,,,,,,522000.0,,426560000.0,277000.0,207285000.0,-6872000.0,,1253835000.0,440826000.0,27000.0,87342000.0,0.0,12870000.0,14923000.0,,974661000.0,-3845000.0,,12992000.0,-2815000.0,,139903000.0,18564000.0,,34380000.0,,,27000.0,279174000.0,130000000.0,,3690000.0,2318000.0,11624000.0,0.0,,,
2017-06-30,1253835.008,547020.9920000001,98389.0,0.0,227126.0,181939.008,0.0,24379.0,0.0,15188.0,260294.0,0.0,0.0,0.0,0.0,0.0,0.0,0.0,92449.0,167844.992,277.0,426560.0,19683.0,0.0,1253835.008,440825.984,37441.0,108196.0,27418.0,207284.992,0.0,0.0,54650.0,5836.0,0.0,533808.0,340960.992,0.0,139903.008,18564.0,0.0,34380.0,0.0,0.0,27.0,279173.99199999997,130000.0,0.0,0.0,110619.0,42400.0,0.0,0.0,-3845.0,0.0
2017-09-30,1265778000.0,538914000.0,76068000.0,,230046000.0,175919000.0,,22186000.0,8061000.0,0.0,-13567000.0,,,,,,,522000.0,,433450000.0,291000.0,192578000.0,-7384000.0,,1265778000.0,457020000.0,37000.0,90343000.0,0.0,14313000.0,13567000.0,,977248000.0,-1273000.0,,11162000.0,5888000.0,,140621000.0,16669000.0,,35572000.0,,,37000.0,288530000.0,130000000.0,,3631000.0,9220000.0,10416000.0,0.0,,,
2017-09-30,1265778.048,538913.9839999999,87230.0,0.0,232120.0,175919.008,0.0,20112.0,0.0,23533.0,274646.016,0.0,0.0,0.0,0.0,0.0,0.0,0.0,93695.0,180951.008,291.0,433449.984,18477.0,0.0,1265778.048,457020.0,43547.0,116796.0,32553.0,192578.0,0.0,0.0,66702.0,4844.0,0.0,520191.008,327328.99199999997,0.0,140620.992,16669.0,0.0,35572.0,0.0,0.0,37.0,288530.00800000003,130000.0,0.0,0.0,110619.0,49184.0,0.0,0.0,-1273.0,0.0
2017-12-31,1252008000.0,522623000.0,78962000.0,,217961000.0,179323000.0,,16373000.0,9681000.0,0.0,-11727000.0,,,,,,,522000.0,,440595000.0,298000.0,146402000.0,-7425000.0,,1252008000.0,414310000.0,12000.0,93501000.0,0.0,7731000.0,11727000.0,,966960000.0,-4172000.0,,15417000.0,-5485000.0,,141144000.0,14186000.0,,30149000.0,,,12000.0,285048000.0,130000000.0,,3807000.0,6856000.0,9885000.0,0.0,,,
2017-12-31,1252007.936,522623.008,94379.0,0.0,218412.0,179323.008,0.0,15922.0,0.0,14587.0,268926.016,0.0,0.0,0.0,0.0,0.0,0.0,0.0,94651.0,174275.008,298.0,440595.008,19566.0,0.0,1252007.936,414310.016,31330.0,114569.0,31157.0,146402.0,0.0,0.0,86563.0,4289.0,0.0,552638.0160000001,367159.008,0.0,141144.0,14186.0,0.0,30149.0,0.0,0.0,12.0,285048.0,130000.0,0.0,0.0,143988.0,15232.0,-4172.0,0.0,0.0,0.0
2018-03-31,1257954.048,511204.0,65099.0,0.0,225584.992,189706.0,0.0,10371.0,0.0,20443.0,277008.99199999997,0.0,0.0,0.0,0.0,0.0,0.0,0.0,95474.0,181535.008,298.0,449275.008,20168.0,0.0,1257954.048,422284.0,34526.0,126934.0,22857.0,148887.008,0.0,0.0,83403.0,5677.0,0.0,543884.9920000001,351537.984,0.0,142275.008,11541.0,0.0,38531.0,0.0,0.0,19.0,291765.99199999997,130000.0,0.0,0.0,159220.0,7287.0,-4741.0,0.0,0.0,0.0
2018-03-31,1257954000.0,511204000.0,45989000.0,,224694000.0,189706000.0,,11262000.0,9901000.0,0.0,-10013000.0,,,,,,,0.0,,449275000.0,298000.0,148887000.0,-51549000.0,,1257954000.0,422284000.0,19000.0,95871000.0,0.0,14615000.0,10013000.0,,966188000.0,-4741000.0,,19110000.0,1577000.0,,142275000.0,11541000.0,,38531000.0,,,19000.0,291766000.0,130000000.0,,3955000.0,5828000.0,10267000.0,0.0,,,
2018-06-30,1685217.024,710067.0079999999,234307.008,0.0,246648.992,200419.008,0.0,10559.0,0.0,18133.0,500406.016,0.0,0.0,0.0,0.0,0.0,0.0,0.0,96286.0,404120.0,298.0,454452.992,19993.0,0.0,1685217.024,446660.0,42985.0,116680.0,24842.0,170824.992,0.0,0.0,88404.0,2924.0,0.0,876596.9920000001,543913.024,62008.0,143280.0,4085.0,0.0,123311.0,0.0,0.0,26.0,361934.0,140000.0,0.0,0.0,133348.0,103991.0,-15405.0,0.0,0.0,0.0
2018-06-30,1685217000.0,710067000.0,77529000.0,,244827000.0,200419000.0,,12381000.0,9733000.0,0.0,-13240000.0,,,,,,,4353000.0,,454453000.0,298000.0,170825000.0,38695000.0,,1685217000.0,446660000.0,26000.0,99257000.0,0.0,9365000.0,13240000.0,,1323283000.0,-15405000.0,,156778000.0,-122967000.0,,205288000.0,4085000.0,,123311000.0,,,26000.0,361934000.0,140000000.0,,4076000.0,8768000.0,10260000.0,0.0,,,
2018-09-30,1604125.9519999998,623427.0079999999,132199.0,0.0,257615.008,206212.0,0.0,9833.0,0.0,17568.0,506776.992,0.0,0.0,0.0,0.0,0.0,0.0,0.0,0.0,97129.0,298.0,453296.0,20328.0,0.0,1604125.9519999998,391747.008,48700.0,121664.0,25256.0,102565.0,0.0,0.0,89703.0,3859.0,0.0,860560.0,525097.9839999999,62008.0,144052.0,2140.0,0.0,127262.0,0.0,0.0,34.0,351785.008,140000.0,0.0,0.0,230326.0,0.0,-18541.0,0.0,0.0,0.0
2018-09-30,1604126000.0,623427000.0,113406000.0,,255588000.0,206212000.0,,11860000.0,10015000.0,0.0,-12503000.0,,,,,,,0.0,,453296000.0,298000.0,102565000.0,-8478000.0,,1604126000.0,391747000.0,34000.0,103192000.0,0.0,8992000.0,12503000.0,,1252341000.0,-18541000.0,,18793000.0,5406000.0,,206060000.0,2140000.0,,127262000.0,,,34000.0,351785000.0,140000000.0,,4463000.0,8576000.0,10313000.0,0.0,,,
2018-12-31,1622155.0080000001,563867.0079999999,82624.0,0.0,239463.008,213791.008,0.0,10201.0,1598.0,16190.0,579070.0160000001,0.0,0.0,0.0,0.0,0.0,0.0,0.0,0.0,97941.0,298.0,458331.008,20589.0,0.0,1622155.0080000001,404068.0,36734.0,124874.0,25846.0,101721.0,0.0,0.0,113629.0,1264.0,0.0,855966.9759999999,493916.0,0.0,220319.008,1965.0,0.0,139767.008,0.0,0.0,12.0,362108.0,140000.0,0.0,34690.0,140063.008,95897.0,-48542.0,0.0,0.0,0.0
2018-12-31,1622155000.0,563867000.0,59738000.0,,237917000.0,213791000.0,,11747000.0,9845000.0,0.0,-12511000.0,,,,,,,0.0,,458331000.0,298000.0,101721000.0,-207589000.0,,1622155000.0,404068000.0,12000.0,116980000.0,34690000.0,8805000.0,12511000.0,,1260047000.0,-48542000.0,,22886000.0,-53897000.0,,220319000.0,1965000.0,,139767000.0,,,12000.0,362108000.0,140000000.0,,5337000.0,8983000.0,10744000.0,0.0,,,
2019-03-31,1750625.024,656777.9839999999,151166.0,0.0,229760.992,237238.0,0.0,10337.0,6983.0,21293.0,589153.024,0.0,0.0,0.0,0.0,0.0,0.0,0.0,0.0,98716.0,298.0,481435.008,22961.0,0.0,1750625.024,454415.008,39276.0,132587.0,17040.0,136259.008,0.0,0.0,126049.0,3204.0,0.0,951900.032,574212.9920000001,0.0,239760.0,0.0,0.0,137927.008,0.0,0.0,16.0,344294.016,140000.0,0.0,0.0,219047.008,0.0,-14753.0,0.0,0.0,0.0
2019-03-31,1750625000.0,656778000.0,106962000.0,,228105000.0,237238000.0,,11993000.0,11467000.0,35078000.0,-12248000.0,,,,,,,0.0,,481435000.0,298000.0,136259000.0,-55560000.0,,1750625000.0,454415000.0,16000.0,121435000.0,0.0,10047000.0,12248000.0,,1406331000.0,-14753000.0,,44204000.0,2628000.0,,239760000.0,0.0,,137927000.0,,,16000.0,344294000.0,140000000.0,,4672000.0,18229000.0,0.0,0.0,,,
2019-06-30,1753027.968,612907.0079999999,54221.0,0.0,251324.0,248776.992,0.0,30069.0,6405.0,22111.0,610513.024,0.0,0.0,0.0,0.0,0.0,0.0,6175.0,0.0,99508.0,307.0,506399.008,22902.0,0.0,1753027.968,486831.008,47223.0,124704.0,17032.0,167408.0,0.0,0.0,126274.0,4190.0,0.0,896697.0240000001,517028.0,0.0,242912.0,0.0,0.0,136756.992,0.0,0.0,27.0,369473.0,200000.0,0.0,0.0,183475.008,0.0,-14002.0,0.0,0.0,0.0
2019-06-30,1753028000.0,612907000.0,35652000.0,,249177000.0,248777000.0,,32216000.0,11262000.0,34980000.0,-12577000.0,,,,,,,6175000.0,,506399000.0,307000.0,171567000.0,-60625000.0,,1753028000.0,486831000.0,27000.0,121386000.0,0.0,13461000.0,12577000.0,,1383555000.0,-14002000.0,,18569000.0,-39721000.0,,226316000.0,0.0,,136757000.0,,,27000.0,369473000.0,200000000.0,,4232000.0,15055000.0,0.0,0.0,,,
2019-09-30,1822285.9519999998,872190.016,329372.0,0.0,249823.008,236266.0,0.0,29752.0,4821.0,22156.0,400163.008,0.0,0.0,0.0,0.0,0.0,0.0,11120.0,0.0,100299.0,315.0,527308.9920000001,22309.0,0.0,1822285.9519999998,590134.0160000001,51158.0,129139.0,19751.0,224160.992,33790.0,0.0,130189.0,1946.0,0.0,869729.0240000001,566198.0160000001,0.0,180368.0,0.0,0.0,123163.0,0.0,0.0,38.0,362385.008,200000.0,0.0,0.0,175960.0,4900.0,-18475.0,0.0,0.0,0.0
2019-09-30,1822286000.0,872190000.0,303996000.0,,247860000.0,236266000.0,,31715000.0,11056000.0,40456000.0,-16006000.0,,,,,,,11120000.0,,527309000.0,315000.0,234409000.0,-64888000.0,,1822286000.0,590134000.0,38000.0,126108000.0,0.0,15095000.0,16006000.0,,1459901000.0,-18475000.0,,25376000.0,-11011000.0,,162700000.0,0.0,,123163000.0,,,38000.0,362385000.0,200000000.0,,4335000.0,11882000.0,0.0,0.0,,,
2019-12-31,1836291.968,854556.032,275377.984,0.0,251772.992,243412.992,0.0,52172.0,3487.0,28333.0,412190.016,0.0,0.0,0.0,0.0,0.0,0.0,0.0,0.0,100936.0,345.0,546809.024,22392.0,0.0,1836291.968,613724.032,41882.0,146684.992,24428.0,248234.0,22803.0,0.0,129692.0,0.0,0.0,854931.968,547673.024,0.0,187027.008,0.0,0.0,120232.0,0.0,0.0,16.0,367620.0,200000.0,0.0,33506.0,182424.992,7420.0,-55731.0,0.0,0.0,0.0
2019-12-31,1836292000.0,854556000.0,248156000.0,,250732000.0,243413000.0,,53213000.0,10851000.0,72901000.0,-15820000.0,,,,,,,0.0,,546809000.0,345000.0,248234000.0,-66629000.0,,1836292000.0,613724000.0,16000.0,152492000.0,33506000.0,15001000.0,15820000.0,,1468672000.0,-55731000.0,,27222000.0,-11637000.0,,187027000.0,0.0,,120232000.0,,,16000.0,367620000.0,200000000.0,,4786000.0,16819000.0,0.0,-21000.0,,,
